"transformation_type","input_items","output_items","metadata"
"bartering","[""Gold Ingot""]","[""Enchanted Book""]","{}"
"bartering","[""Gold Ingot""]","[""Iron Boots""]","{}"
"bartering","[""Gold Ingot""]","[""Potion""]","{}"
"bartering","[""Gold Ingot""]","[""Dried Ghast""]","{}"
"bartering","[""Gold Ingot""]","[""Iron Nugget""]","{}"
"bartering","[""Gold Ingot""]","[""Ender Pearl""]","{}"
"bartering","[""Gold Ingot""]","[""String""]","{}"
"bartering","[""Gold Ingot""]","[""Nether Quartz""]","{}"
"bartering","[""Gold Ingot""]","[""Obsidian""]","{}"
"bartering","[""Gold Ingot""]","[""Fire Charge""]","{}"
"bartering","[""Gold Ingot""]","[""Crying Obsidian""]","{}"
"bartering","[""Gold Ingot""]","[""Leather""]","{}"
"bartering","[""Gold Ingot""]","[""Soul Sand""]","{}"
"bartering","[""Gold Ingot""]","[""Nether Brick""]","{}"
"bartering","[""Gold Ingot""]","[""Tipped Arrow""]","{}"
"bartering","[""Gold Ingot""]","[""Gravel""]","{}"
"bartering","[""Gold Ingot""]","[""Blackstone""]","{}"
"brewing","[""Nether Wart""]","[""Potion""]","{}"
"brewing","[""Cobweb"", ""Ghast Tear"", ""Stone"", ""Rabbit's Foot"", ""Spider Eye"", ""Redstone Dust"", ""Glistering Melon Slice"", ""Sugar"", ""Blaze Powder"", ""Slime Block"", ""Magma Cream"", ""Breeze Rod""]","[""Potion""]","{}"
"brewing","[""Glowstone Dust""]","[""Potion""]","{}"
"brewing","[""Glistering Melon Slice""]","[""Potion""]","{}"
"brewing","[""Magma Cream""]","[""Potion""]","{}"
"brewing","[""Ghast Tear""]","[""Potion""]","{}"
"brewing","[""Blaze Powder""]","[""Potion""]","{}"
"brewing","[""Sugar""]","[""Potion""]","{}"
"brewing","[""Golden Carrot""]","[""Potion""]","{}"
"brewing","[""Fermented Spider Eye""]","[""Potion""]","{}"
"brewing","[""Pufferfish""]","[""Potion""]","{}"
"brewing","[""Rabbit's Foot""]","[""Potion""]","{}"
"brewing","[""Phantom Membrane""]","[""Potion""]","{}"
"brewing","[""Spider Eye""]","[""Potion""]","{}"
"brewing","[""Slime Block""]","[""Potion""]","{}"
"brewing","[""Cobweb""]","[""Potion""]","{}"
"brewing","[""Stone""]","[""Potion""]","{}"
"brewing","[""Breeze Rod""]","[""Potion""]","{}"
"brewing","[""Turtle Shell""]","[""Potion""]","{}"
"composting","[""Cactus""]","[""Bone Meal""]","{""success_rate"": 0.5}"
"composting","[""Dried Kelp Block""]","[""Bone Meal""]","{""success_rate"": 0.5}"
"composting","[""Flowering Azalea Leaves""]","[""Bone Meal""]","{""success_rate"": 0.5}"
"composting","[""Glow Lichen""]","[""Bone Meal""]","{""success_rate"": 0.5}"
"composting","[""Melon Slice""]","[""Bone Meal""]","{""success_rate"": 0.5}"
"composting","[""Nether Sprouts""]","[""Bone Meal""]","{""success_rate"": 0.5}"
"composting","[""Sugar Cane""]","[""Bone Meal""]","{""success_rate"": 0.5}"
"composting","[""Tall Grass""]","[""Bone Meal""]","{""success_rate"": 0.5}"
"composting","[""Twisting Vines""]","[""Bone Meal""]","{""success_rate"": 0.5}"
"composting","[""Vines""]","[""Bone Meal""]","{""success_rate"": 0.5}"
"composting","[""Weeping Vines""]","[""Bone Meal""]","{""success_rate"": 0.5}"
"composting","[""Apple""]","[""Bone Meal""]","{""success_rate"": 0.65}"
"composting","[""Azalea""]","[""Bone Meal""]","{""success_rate"": 0.65}"
"composting","[""Beetroot""]","[""Bone Meal""]","{""success_rate"": 0.65}"
"composting","[""Big Dripleaf""]","[""Bone Meal""]","{""success_rate"": 0.65}"
"composting","[""Carrot""]","[""Bone Meal""]","{""success_rate"": 0.65}"
"composting","[""Cocoa Beans""]","[""Bone Meal""]","{""success_rate"": 0.65}"
"composting","[""Fern""]","[""Bone Meal""]","{""success_rate"": 0.65}"
"composting","[""Flowers""]","[""Bone Meal""]","{""success_rate"": 0.65}"
"composting","[""Large Fern""]","[""Bone Meal""]","{""success_rate"": 0.65}"
"composting","[""Lily Pad""]","[""Bone Meal""]","{""success_rate"": 0.65}"
"composting","[""Melon""]","[""Bone Meal""]","{""success_rate"": 0.65}"
"composting","[""Moss Block""]","[""Bone Meal""]","{""success_rate"": 0.65}"
"composting","[""Mushrooms""]","[""Bone Meal""]","{""success_rate"": 0.65}"
"composting","[""Mushroom Stem""]","[""Bone Meal""]","{""success_rate"": 0.65}"
"composting","[""Nether Fungi""]","[""Bone Meal""]","{""success_rate"": 0.65}"
"composting","[""Nether Wart""]","[""Bone Meal""]","{""success_rate"": 0.65}"
"composting","[""Pale Moss Block""]","[""Bone Meal""]","{""success_rate"": 0.65}"
"composting","[""Potato""]","[""Bone Meal""]","{""success_rate"": 0.65}"
"composting","[""Pumpkin""]","[""Bone Meal""]","{""success_rate"": 0.65}"
"composting","[""Crimson Roots""]","[""Bone Meal""]","{""success_rate"": 0.65}"
"composting","[""Warped Roots""]","[""Bone Meal""]","{""success_rate"": 0.65}"
"composting","[""Sea Pickle""]","[""Bone Meal""]","{""success_rate"": 0.65}"
"composting","[""Shroomlight""]","[""Bone Meal""]","{""success_rate"": 0.65}"
"composting","[""Spore Blossom""]","[""Bone Meal""]","{""success_rate"": 0.65}"
"composting","[""Wheat""]","[""Bone Meal""]","{""success_rate"": 0.65}"
"composting","[""Wither Rose""]","[""Bone Meal""]","{""success_rate"": 0.65}"
"composting","[""Baked Potato""]","[""Bone Meal""]","{""success_rate"": 0.85}"
"composting","[""Bread""]","[""Bone Meal""]","{""success_rate"": 0.85}"
"composting","[""Cookie""]","[""Bone Meal""]","{""success_rate"": 0.85}"
"composting","[""Flowering Azalea""]","[""Bone Meal""]","{""success_rate"": 0.85}"
"composting","[""Hay Bale""]","[""Bone Meal""]","{""success_rate"": 0.85}"
"composting","[""Mushroom Block""]","[""Bone Meal""]","{""success_rate"": 0.85}"
"composting","[""Nether Wart Block""]","[""Bone Meal""]","{""success_rate"": 0.85}"
"composting","[""Pitcher Plant""]","[""Bone Meal""]","{""success_rate"": 0.85}"
"composting","[""Torchflower""]","[""Bone Meal""]","{""success_rate"": 0.85}"
"composting","[""Warped Wart Block""]","[""Bone Meal""]","{""success_rate"": 0.85}"
"composting","[""Cake""]","[""Bone Meal""]","{""success_rate"": 1.0}"
"composting","[""Pumpkin Pie""]","[""Bone Meal""]","{""success_rate"": 1.0}"
"crafting","[""Gold Ingot""]","[""Block of Gold""]","{""category"": ""building_blocks""}"
"crafting","[""Iron Ingot""]","[""Block of Iron""]","{""category"": ""building_blocks""}"
"crafting","[""Brick""]","[""Bricks""]","{""category"": ""building_blocks""}"
"crafting","[""Diamond""]","[""Block of Diamond""]","{""category"": ""building_blocks""}"
"crafting","[""Stone""]","[""Stone Variants""]","{""category"": ""building_blocks""}"
"crafting","[""Planks"", ""Book""]","[""Bookshelf""]","{""has_alternatives"": true, ""category"": ""building_blocks""}"
"crafting","[""Snowball""]","[""Snow Block""]","{""category"": ""building_blocks""}"
"crafting","[""Clay Ball""]","[""Clay""]","{""category"": ""building_blocks""}"
"crafting","[""Cobblestone"", ""Vines""]","[""Mossy Cobblestone""]","{""has_alternatives"": true, ""category"": ""building_blocks""}"
"crafting","[""Cobblestone"", ""Moss Block""]","[""Mossy Cobblestone""]","{""has_alternatives"": true, ""category"": ""building_blocks""}"
"crafting","[""Carved Pumpkin"", ""Torch""]","[""Jack o'Lantern""]","{""category"": ""building_blocks""}"
"crafting","[""Glowstone Dust""]","[""Glowstone""]","{""category"": ""building_blocks""}"
"crafting","[""String""]","[""Wool""]","{""category"": ""building_blocks""}"
"crafting","[""Dye"", ""Wool""]","[""Wool""]","{""has_alternatives"": true, ""category"": ""building_blocks""}"
"crafting","[""Sand""]","[""Sandstone""]","{""category"": ""building_blocks""}"
"crafting","[""Lapis Lazuli""]","[""Block of Lapis Lazuli""]","{""category"": ""building_blocks""}"
"crafting","[""Planks""]","[""Wooden Slab""]","{""has_alternatives"": true, ""category"": ""building_blocks""}"
"crafting","[""Planks""]","[""Wooden Stairs""]","{""has_alternatives"": true, ""category"": ""building_blocks""}"
"crafting","[""Sandstone""]","[""Sandstone Variants""]","{""has_alternatives"": true, ""category"": ""building_blocks""}"
"crafting","[""Sandstone Variants""]","[""Sandstone Variants""]","{""has_alternatives"": true, ""category"": ""building_blocks""}"
"crafting","[""Cobblestone""]","[""Cobblestone Variants""]","{""category"": ""building_blocks""}"
"crafting","[""Stone""]","[""Stone Bricks""]","{""category"": ""building_blocks""}"
"crafting","[""Melon Slice""]","[""Melon""]","{""category"": ""building_blocks""}"
"crafting","[""Bricks""]","[""Brick Variants""]","{""category"": ""building_blocks""}"
"crafting","[""Stone Bricks""]","[""Stone Variants""]","{""category"": ""building_blocks""}"
"crafting","[""Nether Brick""]","[""Nether Bricks""]","{""category"": ""building_blocks""}"
"crafting","[""Nether Bricks""]","[""Nether Bricks Variants""]","{""category"": ""building_blocks""}"
"crafting","[""Sandstone Variants""]","[""Sandstone Variants""]","{""category"": ""building_blocks""}"
"crafting","[""Emerald""]","[""Block of Emerald""]","{""category"": ""building_blocks""}"
"crafting","[""Log""]","[""Planks""]","{""has_alternatives"": true, ""category"": ""building_blocks""}"
"crafting","[""Stripped Log""]","[""Planks""]","{""has_alternatives"": true, ""category"": ""building_blocks""}"
"crafting","[""Wood""]","[""Planks""]","{""has_alternatives"": true, ""category"": ""building_blocks""}"
"crafting","[""Stripped Wood""]","[""Planks""]","{""has_alternatives"": true, ""category"": ""building_blocks""}"
"crafting","[""Block of Bamboo""]","[""Planks""]","{""has_alternatives"": true, ""category"": ""building_blocks""}"
"crafting","[""Block of Stripped Bamboo""]","[""Planks""]","{""has_alternatives"": true, ""category"": ""building_blocks""}"
"crafting","[""Nether Quartz""]","[""Block of Quartz""]","{""category"": ""building_blocks""}"
"crafting","[""Block of Quartz""]","[""Quarz Variants""]","{""category"": ""building_blocks""}"
"crafting","[""Block of Quartz""]","[""Quarz Variants""]","{""has_alternatives"": true, ""category"": ""building_blocks""}"
"crafting","[""Quarz Variants""]","[""Quarz Variants""]","{""has_alternatives"": true, ""category"": ""building_blocks""}"
"crafting","[""Quarz Variants""]","[""Quarz Variants""]","{""category"": ""building_blocks""}"
"crafting","[""Wheat""]","[""Hay Bale""]","{""category"": ""building_blocks""}"
"crafting","[""Coal""]","[""Block of Coal""]","{""category"": ""building_blocks""}"
"crafting","[""Dye"", ""Terracotta""]","[""Terracotta""]","{""has_alternatives"": true, ""category"": ""building_blocks""}"
"crafting","[""Ice""]","[""Packed Ice""]","{""category"": ""building_blocks""}"
"crafting","[""Glass"", ""Dye""]","[""Stained Glass""]","{""has_alternatives"": true, ""category"": ""building_blocks""}"
"crafting","[""Diorite"", ""Nether Quartz""]","[""Granite""]","{""category"": ""building_blocks""}"
"crafting","[""Cobblestone"", ""Nether Quartz""]","[""Diorite""]","{""category"": ""building_blocks""}"
"crafting","[""Cobblestone"", ""Diorite""]","[""Andesite""]","{""category"": ""building_blocks""}"
"crafting","[""Diorite""]","[""Diorite Variants""]","{""category"": ""building_blocks""}"
"crafting","[""Granite""]","[""Granite Variants""]","{""category"": ""building_blocks""}"
"crafting","[""Andesite""]","[""Andesite Variants""]","{""category"": ""building_blocks""}"
"crafting","[""Stone Variants""]","[""Chiseled Stone Bricks""]","{""category"": ""building_blocks""}"
"crafting","[""Vines"", ""Stone Bricks""]","[""Mossy Stone Bricks""]","{""category"": ""building_blocks""}"
"crafting","[""Moss Block"", ""Stone Bricks""]","[""Mossy Stone Bricks""]","{""category"": ""building_blocks""}"
"crafting","[""Prismarine Shard""]","[""Prismarine""]","{""category"": ""building_blocks""}"
"crafting","[""Prismarine Shard"", ""Prismarine Crystals""]","[""Sea Lantern""]","{""category"": ""building_blocks""}"
"crafting","[""Dirt"", ""Gravel""]","[""Coarse Dirt""]","{""category"": ""building_blocks""}"
"crafting","[""Prismarine Shard""]","[""Prismarine Bricks""]","{""category"": ""building_blocks""}"
"crafting","[""Prismarine Shard"", ""Dye""]","[""Dark Prismarine""]","{""category"": ""building_blocks""}"
"crafting","[""Red Sand""]","[""Red Sandstone""]","{""category"": ""building_blocks""}"
"crafting","[""Red Sandstone Variants""]","[""Red Sandstone Variants""]","{""category"": ""building_blocks""}"
"crafting","[""Red Sandstone""]","[""Red Sandstone Variants""]","{""has_alternatives"": true, ""category"": ""building_blocks""}"
"crafting","[""Red Sandstone Variants""]","[""Red Sandstone Variants""]","{""has_alternatives"": true, ""category"": ""building_blocks""}"
"crafting","[""End Stone""]","[""End Stone Bricks""]","{""category"": ""building_blocks""}"
"crafting","[""Popped Chorus Fruit""]","[""Purpur Block""]","{""category"": ""building_blocks""}"
"crafting","[""Purpur Variants""]","[""Purpur Variants""]","{""category"": ""building_blocks""}"
"crafting","[""Purpur Block""]","[""Purpur Variants""]","{""has_alternatives"": true, ""category"": ""building_blocks""}"
"crafting","[""Purpur Variants""]","[""Purpur Variants""]","{""has_alternatives"": true, ""category"": ""building_blocks""}"
"crafting","[""Magma Cream""]","[""Magma Block""]","{""category"": ""building_blocks""}"
"crafting","[""Bone Meal""]","[""Bone Block""]","{""category"": ""building_blocks""}"
"crafting","[""Nether Wart""]","[""Nether Wart Block""]","{""category"": ""building_blocks""}"
"crafting","[""Dye"", ""Sand"", ""Gravel""]","[""Concrete Powder""]","{""has_alternatives"": true, ""category"": ""building_blocks""}"
"crafting","[""Log""]","[""Wood""]","{""has_alternatives"": true, ""category"": ""building_blocks""}"
"crafting","[""Sandstone""]","[""Sandstone Variants""]","{""category"": ""building_blocks""}"
"crafting","[""Red Sandstone""]","[""Red Sandstone Variants""]","{""category"": ""building_blocks""}"
"crafting","[""Nether Brick"", ""Nether Wart""]","[""Red Nether Bricks""]","{""category"": ""building_blocks""}"
"crafting","[""Dried Kelp""]","[""Dried Kelp Block""]","{""category"": ""building_blocks""}"
"crafting","[""Prismarine""]","[""Prismarine Variants""]","{""category"": ""building_blocks""}"
"crafting","[""Prismarine Bricks""]","[""Prismarine Brick Stairs""]","{""category"": ""building_blocks""}"
"crafting","[""Dark Prismarine""]","[""Dark Prismarine Variants""]","{""category"": ""building_blocks""}"
"crafting","[""Prismarine Bricks""]","[""Prismarine Brick Slab""]","{""category"": ""building_blocks""}"
"crafting","[""Packed Ice""]","[""Blue Ice""]","{""category"": ""building_blocks""}"
"crafting","[""Stripped Log""]","[""Stripped Wood""]","{""has_alternatives"": true, ""category"": ""building_blocks""}"
"crafting","[""String"", ""Bamboo""]","[""Scaffolding""]","{""category"": ""building_blocks""}"
"crafting","[""Andesite Variants""]","[""Andesite Variants""]","{""category"": ""building_blocks""}"
"crafting","[""Diorite Variants""]","[""Diorite Variants""]","{""category"": ""building_blocks""}"
"crafting","[""Granite Variants""]","[""Granite Variants""]","{""category"": ""building_blocks""}"
"crafting","[""Smooth Sandstone""]","[""Smooth Sandstone Variants""]","{""category"": ""building_blocks""}"
"crafting","[""Smooth Red Sandstone""]","[""Smooth Red Sandstone Variants""]","{""category"": ""building_blocks""}"
"crafting","[""Smooth Quartz Block""]","[""Smooth Quartz Variants""]","{""category"": ""building_blocks""}"
"crafting","[""Red Nether Bricks""]","[""Red Nether Bricks Variants""]","{""category"": ""building_blocks""}"
"crafting","[""Mossy Stone Bricks""]","[""Mossy Stone Brick Variants""]","{""category"": ""building_blocks""}"
"crafting","[""Mossy Cobblestone""]","[""Mossy Cobblestone Variants""]","{""category"": ""building_blocks""}"
"crafting","[""End Stone Bricks""]","[""End Stone Brick Variants""]","{""category"": ""building_blocks""}"
"crafting","[""Smooth Stone""]","[""Smooth Stone Variants""]","{""category"": ""building_blocks""}"
"crafting","[""Red Sandstone Variants""]","[""Cut Red Sandstone Slab""]","{""category"": ""building_blocks""}"
"crafting","[""Sandstone Variants""]","[""Cut Sandstone Slab""]","{""category"": ""building_blocks""}"
"crafting","[""Netherite Ingot""]","[""Block of Netherite""]","{""category"": ""building_blocks""}"
"crafting","[""Basalt""]","[""Polished Basalt""]","{""category"": ""building_blocks""}"
"crafting","[""Blackstone""]","[""Blackstone Variants""]","{""category"": ""building_blocks""}"
"crafting","[""Blackstone Variants""]","[""Blackstone Variants""]","{""category"": ""building_blocks""}"
"crafting","[""Nether Bricks Variants""]","[""Nether Bricks Variants""]","{""category"": ""building_blocks""}"
"crafting","[""Copper Ingot""]","[""Block of Copper""]","{""category"": ""building_blocks""}"
"crafting","[""Honeycomb"", ""Block of Copper""]","[""Block of Copper""]","{""has_alternatives"": true, ""category"": ""building_blocks""}"
"crafting","[""Amethyst Shard""]","[""Block of Amethyst""]","{""category"": ""building_blocks""}"
"crafting","[""Block of Copper""]","[""Copper Variants""]","{""has_alternatives"": true, ""category"": ""building_blocks""}"
"crafting","[""Honeycomb"", ""Copper Variants""]","[""Copper Variants""]","{""has_alternatives"": true, ""category"": ""building_blocks""}"
"crafting","[""Glass"", ""Amethyst Shard""]","[""Tinted Glass""]","{""category"": ""building_blocks""}"
"crafting","[""Copper Variants""]","[""Copper Variants""]","{""has_alternatives"": true, ""category"": ""building_blocks""}"
"crafting","[""Pointed Dripstone""]","[""Dripstone Block""]","{""category"": ""building_blocks""}"
"crafting","[""Cobbled Deepslate""]","[""Cobbled Deepslate Variants""]","{""category"": ""building_blocks""}"
"crafting","[""Cobbled Deepslate Variants""]","[""Cobbled Deepslate Variants""]","{""category"": ""building_blocks""}"
"crafting","[""Raw Gold""]","[""Block of Raw Gold""]","{""category"": ""building_blocks""}"
"crafting","[""Raw Copper""]","[""Block of Raw Copper""]","{""category"": ""building_blocks""}"
"crafting","[""Raw Iron""]","[""Block of Raw Iron""]","{""category"": ""building_blocks""}"
"crafting","[""Packed Mud""]","[""Mud Bricks""]","{""category"": ""building_blocks""}"
"crafting","[""Mud Bricks""]","[""Mud Brick Variants""]","{""category"": ""building_blocks""}"
"crafting","[""Planks"", ""Wooden Slab""]","[""Chiseled Bookshelf""]","{""has_alternatives"": true, ""category"": ""building_blocks""}"
"crafting","[""Wooden Slab""]","[""Bamboo Mosaic""]","{""category"": ""building_blocks""}"
"crafting","[""Bamboo Mosaic""]","[""Bamboo Mosaic Variants""]","{""category"": ""building_blocks""}"
"crafting","[""Bamboo""]","[""Block of Bamboo""]","{""category"": ""building_blocks""}"
"crafting","[""Tuff Variants""]","[""Tuff Variants""]","{""category"": ""building_blocks""}"
"crafting","[""Tuff""]","[""Tuff Variants""]","{""category"": ""building_blocks""}"
"crafting","[""Resin Clump""]","[""Block of Resin""]","{""category"": ""building_blocks""}"
"crafting","[""Resin Brick""]","[""Resin Bricks""]","{""category"": ""building_blocks""}"
"crafting","[""Resin Brick Variants""]","[""Resin Brick Variants""]","{""category"": ""building_blocks""}"
"crafting","[""Resin Bricks""]","[""Resin Brick Variants""]","{""category"": ""building_blocks""}"
"crafting","[""Stick"", ""Coal""]","[""Torch""]","{""has_alternatives"": true, ""category"": ""decoration_blocks""}"
"crafting","[""Charcoal"", ""Stick""]","[""Torch""]","{""has_alternatives"": true, ""category"": ""decoration_blocks""}"
"crafting","[""Planks""]","[""Chest""]","{""has_alternatives"": true, ""category"": ""decoration_blocks""}"
"crafting","[""Wool"", ""Stick""]","[""Painting""]","{""has_alternatives"": true, ""category"": ""decoration_blocks""}"
"crafting","[""Planks""]","[""Crafting Table""]","{""has_alternatives"": true, ""category"": ""decoration_blocks""}"
"crafting","[""Stick""]","[""Ladder""]","{""category"": ""decoration_blocks""}"
"crafting","[""Planks"", ""Stick""]","[""Sign""]","{""has_alternatives"": true, ""category"": ""decoration_blocks""}"
"crafting","[""Snow Block""]","[""Snow""]","{""category"": ""decoration_blocks""}"
"crafting","[""Planks"", ""Diamond""]","[""Jukebox""]","{""has_alternatives"": true, ""category"": ""decoration_blocks""}"
"crafting","[""Planks"", ""Stick""]","[""Fence""]","{""has_alternatives"": true, ""category"": ""decoration_blocks""}"
"crafting","[""Iron Ingot""]","[""Iron Bars""]","{""category"": ""decoration_blocks""}"
"crafting","[""Glass""]","[""Glass Pane""]","{""category"": ""decoration_blocks""}"
"crafting","[""Nether Brick"", ""Nether Bricks""]","[""Nether Brick Fence""]","{""category"": ""decoration_blocks""}"
"crafting","[""Obsidian"", ""Diamond"", ""Book""]","[""Enchanting Table""]","{""category"": ""decoration_blocks""}"
"crafting","[""Glass"", ""Eye of Ender"", ""Ghast Tear""]","[""End Crystal""]","{""category"": ""decoration_blocks""}"
"crafting","[""Eye of Ender"", ""Obsidian""]","[""Ender Chest""]","{""category"": ""decoration_blocks""}"
"crafting","[""Stick"", ""Leather""]","[""Item Frame""]","{""category"": ""decoration_blocks""}"
"crafting","[""Brick""]","[""Flower Pot""]","{""category"": ""decoration_blocks""}"
"crafting","[""Mossy Cobblestone""]","[""Mossy Cobblestone Variants""]","{""category"": ""decoration_blocks""}"
"crafting","[""Cobblestone""]","[""Furnace""]","{""has_alternatives"": true, ""category"": ""decoration_blocks""}"
"crafting","[""Blackstone""]","[""Furnace""]","{""has_alternatives"": true, ""category"": ""decoration_blocks""}"
"crafting","[""Cobbled Deepslate""]","[""Furnace""]","{""has_alternatives"": true, ""category"": ""decoration_blocks""}"
"crafting","[""Planks"", ""Wool""]","[""Bed""]","{""has_alternatives"": true, ""category"": ""decoration_blocks""}"
"crafting","[""Bed"", ""Dye""]","[""Bed""]","{""has_alternatives"": true, ""category"": ""decoration_blocks""}"
"crafting","[""Stone"", ""Iron Ingot""]","[""Stonecutter""]","{""category"": ""decoration_blocks""}"
"crafting","[""Wool""]","[""Carpet""]","{""has_alternatives"": true, ""category"": ""decoration_blocks""}"
"crafting","[""Dye"", ""Carpet""]","[""Carpet""]","{""has_alternatives"": true, ""category"": ""decoration_blocks""}"
"crafting","[""Block of Iron"", ""Iron Ingot""]","[""Anvil""]","{""category"": ""decoration_blocks""}"
"crafting","[""Stained Glass""]","[""Stained Glass Pane""]","{""has_alternatives"": true, ""category"": ""decoration_blocks""}"
"crafting","[""Glass Pane"", ""Dye""]","[""Stained Glass Pane""]","{""has_alternatives"": true, ""category"": ""decoration_blocks""}"
"crafting","[""Wool"", ""Stick""]","[""Banner""]","{""has_alternatives"": true, ""category"": ""decoration_blocks""}"
"crafting","[""Smooth Stone Variants"", ""Stick""]","[""Armor Stand""]","{""category"": ""decoration_blocks""}"
"crafting","[""Blaze Rod"", ""Popped Chorus Fruit""]","[""End Rod""]","{""category"": ""decoration_blocks""}"
"crafting","[""Shulker Shell"", ""Chest""]","[""Shulker Box""]","{""category"": ""decoration_blocks""}"
"crafting","[""Dye"", ""Shulker Box""]","[""Shulker Box""]","{""has_alternatives"": true, ""category"": ""decoration_blocks""}"
"crafting","[""Stick"", ""Coal""]","[""Campfire""]","{""has_alternatives"": true, ""category"": ""decoration_blocks""}"
"crafting","[""Charcoal"", ""Stick""]","[""Campfire""]","{""has_alternatives"": true, ""category"": ""decoration_blocks""}"
"crafting","[""Planks"", ""String""]","[""Loom""]","{""has_alternatives"": true, ""category"": ""decoration_blocks""}"
"crafting","[""Andesite""]","[""Andesite Variants""]","{""category"": ""decoration_blocks""}"
"crafting","[""Bricks""]","[""Brick Variants""]","{""category"": ""decoration_blocks""}"
"crafting","[""Diorite""]","[""Diorite Variants""]","{""category"": ""decoration_blocks""}"
"crafting","[""End Stone Bricks""]","[""End Stone Brick Variants""]","{""category"": ""decoration_blocks""}"
"crafting","[""Granite""]","[""Granite Variants""]","{""category"": ""decoration_blocks""}"
"crafting","[""Mossy Stone Bricks""]","[""Mossy Stone Brick Variants""]","{""category"": ""decoration_blocks""}"
"crafting","[""Nether Bricks""]","[""Nether Bricks Variants""]","{""category"": ""decoration_blocks""}"
"crafting","[""Prismarine""]","[""Prismarine Variants""]","{""category"": ""decoration_blocks""}"
"crafting","[""Red Nether Bricks""]","[""Red Nether Bricks Variants""]","{""category"": ""decoration_blocks""}"
"crafting","[""Red Sandstone""]","[""Red Sandstone Variants""]","{""category"": ""decoration_blocks""}"
"crafting","[""Sandstone""]","[""Sandstone Variants""]","{""category"": ""decoration_blocks""}"
"crafting","[""Stone Bricks""]","[""Stone Variants""]","{""category"": ""decoration_blocks""}"
"crafting","[""Planks"", ""Wooden Slab""]","[""Barrel""]","{""has_alternatives"": true, ""category"": ""decoration_blocks""}"
"crafting","[""Log"", ""Furnace""]","[""Smoker""]","{""has_alternatives"": true, ""category"": ""decoration_blocks""}"
"crafting","[""Stripped Log"", ""Furnace""]","[""Smoker""]","{""has_alternatives"": true, ""category"": ""decoration_blocks""}"
"crafting","[""Wood"", ""Furnace""]","[""Smoker""]","{""has_alternatives"": true, ""category"": ""decoration_blocks""}"
"crafting","[""Stripped Wood"", ""Furnace""]","[""Smoker""]","{""has_alternatives"": true, ""category"": ""decoration_blocks""}"
"crafting","[""Furnace"", ""Smooth Stone"", ""Iron Ingot""]","[""Blast Furnace""]","{""category"": ""decoration_blocks""}"
"crafting","[""Planks"", ""Paper""]","[""Cartography Table""]","{""has_alternatives"": true, ""category"": ""decoration_blocks""}"
"crafting","[""Planks"", ""Flint""]","[""Fletching Table""]","{""has_alternatives"": true, ""category"": ""decoration_blocks""}"
"crafting","[""Stone Variants"", ""Planks"", ""Stick""]","[""Grindstone""]","{""has_alternatives"": true, ""category"": ""decoration_blocks""}"
"crafting","[""Planks"", ""Iron Ingot""]","[""Smithing Table""]","{""has_alternatives"": true, ""category"": ""decoration_blocks""}"
"crafting","[""Cobblestone""]","[""Cobblestone Variants""]","{""category"": ""decoration_blocks""}"
"crafting","[""Iron Nugget"", ""Torch""]","[""Lantern""]","{""category"": ""decoration_blocks""}"
"crafting","[""Wooden Slab""]","[""Composter""]","{""has_alternatives"": true, ""category"": ""decoration_blocks""}"
"crafting","[""Honeycomb"", ""Planks""]","[""Beehive""]","{""has_alternatives"": true, ""category"": ""decoration_blocks""}"
"crafting","[""Honeycomb""]","[""Honeycomb Block""]","{""category"": ""decoration_blocks""}"
"crafting","[""Crying Obsidian"", ""Glowstone""]","[""Respawn Anchor""]","{""category"": ""decoration_blocks""}"
"crafting","[""Chiseled Stone Bricks"", ""Iron Ingot""]","[""Lodestone""]","{""category"": ""decoration_blocks""}"
"crafting","[""Blackstone""]","[""Blackstone Variants""]","{""category"": ""decoration_blocks""}"
"crafting","[""Blackstone Variants""]","[""Blackstone Variants""]","{""category"": ""decoration_blocks""}"
"crafting","[""Soul Sand"", ""Stick""]","[""Soul Campfire""]","{""has_alternatives"": true, ""category"": ""decoration_blocks""}"
"crafting","[""Soul Soil"", ""Stick""]","[""Soul Campfire""]","{""has_alternatives"": true, ""category"": ""decoration_blocks""}"
"crafting","[""Iron Nugget"", ""Iron Ingot""]","[""Iron Chain""]","{""category"": ""decoration_blocks""}"
"crafting","[""Soul Soil"", ""Stick"", ""Coal""]","[""Soul Torch""]","{""has_alternatives"": true, ""category"": ""decoration_blocks""}"
"crafting","[""Charcoal"", ""Soul Sand"", ""Stick""]","[""Soul Torch""]","{""has_alternatives"": true, ""category"": ""decoration_blocks""}"
"crafting","[""Iron Nugget"", ""Soul Torch""]","[""Soul Lantern""]","{""category"": ""decoration_blocks""}"
"crafting","[""Honeycomb"", ""String""]","[""Candle""]","{""category"": ""decoration_blocks""}"
"crafting","[""Dye"", ""Candle""]","[""Candle""]","{""has_alternatives"": true, ""category"": ""decoration_blocks""}"
"crafting","[""Glow Ink Sac"", ""Item Frame""]","[""Glow Item Frame""]","{""category"": ""decoration_blocks""}"
"crafting","[""Moss Block""]","[""Moss Carpet""]","{""category"": ""decoration_blocks""}"
"crafting","[""Cobbled Deepslate Variants""]","[""Cobbled Deepslate Variants""]","{""category"": ""decoration_blocks""}"
"crafting","[""Cobbled Deepslate""]","[""Cobbled Deepslate Variants""]","{""category"": ""decoration_blocks""}"
"crafting","[""Mud"", ""Wheat""]","[""Packed Mud""]","{""category"": ""decoration_blocks""}"
"crafting","[""Mud Bricks""]","[""Mud Brick Variants""]","{""category"": ""decoration_blocks""}"
"crafting","[""Mud"", ""Mangrove Roots""]","[""Muddy Mangrove Roots""]","{""category"": ""decoration_blocks""}"
"crafting","[""Stripped Log"", ""Chain""]","[""Hanging Sign""]","{""has_alternatives"": true, ""category"": ""decoration_blocks""}"
"crafting","[""Block of Stripped Bamboo"", ""Chain""]","[""Hanging Sign""]","{""has_alternatives"": true, ""category"": ""decoration_blocks""}"
"crafting","[""Pottery Sherd""]","[""Decorated Pot""]","{""has_alternatives"": true, ""category"": ""decoration_blocks""}"
"crafting","[""Brick""]","[""Decorated Pot""]","{""has_alternatives"": true, ""category"": ""decoration_blocks""}"
"crafting","[""Tuff""]","[""Tuff Variants""]","{""category"": ""decoration_blocks""}"
"crafting","[""Tuff Variants""]","[""Tuff Variants""]","{""category"": ""decoration_blocks""}"
"crafting","[""Stripped Log""]","[""Shelf""]","{""has_alternatives"": true, ""category"": ""decoration_blocks""}"
"crafting","[""Block of Stripped Bamboo""]","[""Shelf""]","{""has_alternatives"": true, ""category"": ""decoration_blocks""}"
"crafting","[""Block of Resin"", ""Log""]","[""Creaking Heart""]","{""category"": ""decoration_blocks""}"
"crafting","[""Resin Bricks""]","[""Resin Brick Variants""]","{""category"": ""decoration_blocks""}"
"crafting","[""Soul Sand"", ""Ghast Tear""]","[""Dried Ghast""]","{""category"": ""decoration_blocks""}"
"crafting","[""Chest"", ""Copper Ingot""]","[""Copper Chest""]","{""category"": ""decoration_blocks""}"
"crafting","[""Copper Chest"", ""Honeycomb""]","[""Copper Chest""]","{""has_alternatives"": true, ""category"": ""decoration_blocks""}"
"crafting","[""Honeycomb"", ""Copper Golem Statue""]","[""Copper Golem Statue""]","{""has_alternatives"": true, ""category"": ""decoration_blocks""}"
"crafting","[""Stick"", ""Copper Nugget"", ""Coal""]","[""Copper Torch""]","{""has_alternatives"": true, ""category"": ""decoration_blocks""}"
"crafting","[""Stick"", ""Charcoal"", ""Copper Nugget""]","[""Copper Torch""]","{""has_alternatives"": true, ""category"": ""decoration_blocks""}"
"crafting","[""Copper Nugget"", ""Copper Ingot""]","[""Copper Chain""]","{""category"": ""decoration_blocks""}"
"crafting","[""Copper Chain"", ""Honeycomb""]","[""Copper Chain""]","{""has_alternatives"": true, ""category"": ""decoration_blocks""}"
"crafting","[""Copper Ingot""]","[""Copper Bars""]","{""category"": ""decoration_blocks""}"
"crafting","[""Copper Bars"", ""Honeycomb""]","[""Copper Bars""]","{""has_alternatives"": true, ""category"": ""decoration_blocks""}"
"crafting","[""Copper Nugget"", ""Copper Torch""]","[""Copper Lantern""]","{""category"": ""decoration_blocks""}"
"crafting","[""Honeycomb"", ""Copper Lantern""]","[""Copper Lantern""]","{""has_alternatives"": true, ""category"": ""decoration_blocks""}"
"crafting","[""Cobblestone"", ""Stick""]","[""Lever""]","{""category"": ""redstone""}"
"crafting","[""Iron Ingot""]","[""Iron Door""]","{""category"": ""redstone""}"
"crafting","[""Redstone Dust"", ""Stick""]","[""Redstone Torch""]","{""category"": ""redstone""}"
"crafting","[""Block of Redstone""]","[""Redstone Dust""]","{""category"": ""redstone""}"
"crafting","[""Planks"", ""Redstone Dust""]","[""Note Block""]","{""has_alternatives"": true, ""category"": ""redstone""}"
"crafting","[""Planks""]","[""Pressure Plate""]","{""has_alternatives"": true, ""category"": ""redstone""}"
"crafting","[""Stone""]","[""Stone Pressure Plate""]","{""category"": ""redstone""}"
"crafting","[""Stone""]","[""Stone Button""]","{""category"": ""redstone""}"
"crafting","[""Slimeball"", ""Piston""]","[""Sticky Piston""]","{""category"": ""redstone""}"
"crafting","[""Planks"", ""Stick""]","[""Fence Gate""]","{""has_alternatives"": true, ""category"": ""redstone""}"
"crafting","[""Planks"", ""Stick"", ""Iron Ingot""]","[""Tripwire Hook""]","{""has_alternatives"": true, ""category"": ""redstone""}"
"crafting","[""Bookshelf"", ""Wooden Slab""]","[""Lectern""]","{""has_alternatives"": true, ""category"": ""redstone""}"
"crafting","[""Planks""]","[""Button""]","{""has_alternatives"": true, ""category"": ""redstone""}"
"crafting","[""Redstone Dust""]","[""Block of Redstone""]","{""category"": ""redstone""}"
"crafting","[""Chest"", ""Tripwire Hook""]","[""Trapped Chest""]","{""category"": ""redstone""}"
"crafting","[""Chest"", ""Iron Ingot""]","[""Hopper""]","{""category"": ""redstone""}"
"crafting","[""Planks""]","[""Door""]","{""has_alternatives"": true, ""category"": ""redstone""}"
"crafting","[""Cobblestone"", ""Redstone Dust""]","[""Dropper""]","{""category"": ""redstone""}"
"crafting","[""Redstone Dust"", ""Cobblestone"", ""Bow""]","[""Dispenser""]","{""category"": ""redstone""}"
"crafting","[""Glowstone"", ""Redstone Dust""]","[""Redstone Lamp""]","{""category"": ""redstone""}"
"crafting","[""Glass"", ""Wooden Slab"", ""Nether Quartz""]","[""Daylight Detector""]","{""has_alternatives"": true, ""category"": ""redstone""}"
"crafting","[""Cobblestone"", ""Planks"", ""Redstone Dust"", ""Iron Ingot""]","[""Piston""]","{""has_alternatives"": true, ""category"": ""redstone""}"
"crafting","[""Stone"", ""Redstone Torch"", ""Redstone Dust""]","[""Redstone Repeater""]","{""category"": ""redstone""}"
"crafting","[""Stone"", ""Redstone Torch"", ""Nether Quartz""]","[""Redstone Comparator""]","{""category"": ""redstone""}"
"crafting","[""Sand"", ""Gunpowder""]","[""TNT""]","{""has_alternatives"": true, ""category"": ""redstone""}"
"crafting","[""Red Sand"", ""Gunpowder""]","[""TNT""]","{""has_alternatives"": true, ""category"": ""redstone""}"
"crafting","[""Slimeball""]","[""Slime Block""]","{""category"": ""redstone""}"
"crafting","[""Iron Ingot""]","[""Iron Trapdoor""]","{""category"": ""redstone""}"
"crafting","[""Planks""]","[""Trapdoor""]","{""has_alternatives"": true, ""category"": ""redstone""}"
"crafting","[""Cobblestone"", ""Redstone Dust"", ""Nether Quartz""]","[""Observer""]","{""category"": ""redstone""}"
"crafting","[""Gold Ingot""]","[""Light Weighted Pressure Plate""]","{""category"": ""redstone""}"
"crafting","[""Iron Ingot""]","[""Heavy Weighted Pressure Plate""]","{""category"": ""redstone""}"
"crafting","[""Honey Bottle""]","[""Honey Block""]","{""category"": ""redstone""}"
"crafting","[""Hay Bale"", ""Redstone Dust""]","[""Target""]","{""category"": ""redstone""}"
"crafting","[""Blackstone Variants""]","[""Polished Blackstone Button""]","{""category"": ""redstone""}"
"crafting","[""Blackstone Variants""]","[""Polished Blackstone Pressure Plate""]","{""category"": ""redstone""}"
"crafting","[""Copper Ingot""]","[""Lightning Rod""]","{""category"": ""redstone""}"
"crafting","[""Lightning Rod"", ""Honeycomb""]","[""Lightning Rod""]","{""has_alternatives"": true, ""category"": ""redstone""}"
"crafting","[""Amethyst Shard"", ""Sculk Sensor""]","[""Calibrated Sculk Sensor""]","{""category"": ""redstone""}"
"crafting","[""Crafting Table"", ""Redstone Dust"", ""Dropper"", ""Iron Ingot""]","[""Crafter""]","{""category"": ""redstone""}"
"crafting","[""Blaze Rod"", ""Block of Copper"", ""Redstone Dust""]","[""Copper Bulb""]","{""has_alternatives"": true, ""category"": ""redstone""}"
"crafting","[""Honeycomb"", ""Copper Bulb""]","[""Copper Bulb""]","{""has_alternatives"": true, ""category"": ""redstone""}"
"crafting","[""Copper Ingot""]","[""Copper Door""]","{""category"": ""redstone""}"
"crafting","[""Honeycomb"", ""Copper Door""]","[""Copper Door""]","{""has_alternatives"": true, ""category"": ""redstone""}"
"crafting","[""Copper Ingot""]","[""Copper Trapdoor""]","{""category"": ""redstone""}"
"crafting","[""Honeycomb"", ""Copper Trapdoor""]","[""Copper Trapdoor""]","{""has_alternatives"": true, ""category"": ""redstone""}"
"crafting","[""Iron Ingot""]","[""Minecart""]","{""category"": ""transportation""}"
"crafting","[""Stick"", ""Iron Ingot""]","[""Rail""]","{""category"": ""transportation""}"
"crafting","[""Minecart"", ""Furnace""]","[""Minecart with Furnace""]","{""category"": ""transportation""}"
"crafting","[""Chest"", ""Minecart""]","[""Minecart with Chest""]","{""category"": ""transportation""}"
"crafting","[""Gold Ingot"", ""Redstone Dust"", ""Stick""]","[""Powered Rail""]","{""category"": ""transportation""}"
"crafting","[""Stone Pressure Plate"", ""Redstone Dust"", ""Iron Ingot""]","[""Detector Rail""]","{""category"": ""transportation""}"
"crafting","[""Minecart"", ""TNT""]","[""Minecart with TNT""]","{""category"": ""transportation""}"
"crafting","[""Redstone Torch"", ""Stick"", ""Iron Ingot""]","[""Activator Rail""]","{""category"": ""transportation""}"
"crafting","[""Minecart"", ""Hopper""]","[""Minecart with Hopper""]","{""category"": ""transportation""}"
"crafting","[""Planks""]","[""Boat""]","{""has_alternatives"": true, ""category"": ""transportation""}"
"crafting","[""Planks""]","[""Bamboo Raft""]","{""has_alternatives"": true, ""category"": ""transportation""}"
"crafting","[""Chest"", ""Boat""]","[""Boat with Chest""]","{""has_alternatives"": true, ""category"": ""transportation""}"
"crafting","[""Chest"", ""Bamboo Raft""]","[""Bamboo Raft with Chest""]","{""has_alternatives"": true, ""category"": ""transportation""}"
"crafting","[""Wheat""]","[""Bread""]","{""category"": ""foodstuffs""}"
"crafting","[""Red Mushroom"", ""Brown Mushroom"", ""Bowl""]","[""Mushroom Stew""]","{""category"": ""foodstuffs""}"
"crafting","[""Apple"", ""Gold Ingot""]","[""Golden Apple""]","{""category"": ""foodstuffs""}"
"crafting","[""Wheat"", ""Cocoa Beans""]","[""Cookie""]","{""category"": ""foodstuffs""}"
"crafting","[""Carrot"", ""Gold Nugget""]","[""Golden Carrot""]","{""category"": ""foodstuffs""}"
"crafting","[""Sugar"", ""Pumpkin"", ""Egg""]","[""Pumpkin Pie""]","{""has_alternatives"": true, ""category"": ""foodstuffs""}"
"crafting","[""Sugar"", ""Pumpkin"", ""Blue Egg""]","[""Pumpkin Pie""]","{""has_alternatives"": true, ""category"": ""foodstuffs""}"
"crafting","[""Sugar"", ""Pumpkin"", ""Brown Egg""]","[""Pumpkin Pie""]","{""has_alternatives"": true, ""category"": ""foodstuffs""}"
"crafting","[""Sugar"", ""Milk Bucket"", ""Wheat"", ""Egg""]","[""Cake""]","{""has_alternatives"": true, ""category"": ""foodstuffs""}"
"crafting","[""Sugar"", ""Milk Bucket"", ""Wheat"", ""Blue Egg""]","[""Cake""]","{""has_alternatives"": true, ""category"": ""foodstuffs""}"
"crafting","[""Sugar"", ""Milk Bucket"", ""Wheat"", ""Brown Egg""]","[""Cake""]","{""has_alternatives"": true, ""category"": ""foodstuffs""}"
"crafting","[""Bowl"", ""Beetroot""]","[""Beetroot Soup""]","{""category"": ""foodstuffs""}"
"crafting","[""Cooked Rabbit"", ""Carrot"", ""Red Mushroom"", ""Bowl"", ""Baked Potato""]","[""Rabbit Stew""]","{""has_alternatives"": true, ""category"": ""foodstuffs""}"
"crafting","[""Cooked Rabbit"", ""Carrot"", ""Brown Mushroom"", ""Bowl"", ""Baked Potato""]","[""Rabbit Stew""]","{""has_alternatives"": true, ""category"": ""foodstuffs""}"
"crafting","[""Dried Kelp Block""]","[""Dried Kelp""]","{""category"": ""foodstuffs""}"
"crafting","[""Red Mushroom"", ""Oxeye Daisy"", ""Brown Mushroom"", ""Bowl""]","[""Suspicious Stew""]","{""has_alternatives"": true, ""category"": ""foodstuffs""}"
"crafting","[""Red Mushroom"", ""Cornflower"", ""Brown Mushroom"", ""Bowl""]","[""Suspicious Stew""]","{""has_alternatives"": true, ""category"": ""foodstuffs""}"
"crafting","[""Red Mushroom"", ""Lily of the Valley"", ""Brown Mushroom"", ""Bowl""]","[""Suspicious Stew""]","{""has_alternatives"": true, ""category"": ""foodstuffs""}"
"crafting","[""Wither Rose"", ""Red Mushroom"", ""Brown Mushroom"", ""Bowl""]","[""Suspicious Stew""]","{""has_alternatives"": true, ""category"": ""foodstuffs""}"
"crafting","[""Red Mushroom"", ""Red Tulip"", ""Brown Mushroom"", ""Bowl""]","[""Suspicious Stew""]","{""has_alternatives"": true, ""category"": ""foodstuffs""}"
"crafting","[""Red Mushroom"", ""Orange Tulip"", ""Brown Mushroom"", ""Bowl""]","[""Suspicious Stew""]","{""has_alternatives"": true, ""category"": ""foodstuffs""}"
"crafting","[""Red Mushroom"", ""White Tulip"", ""Brown Mushroom"", ""Bowl""]","[""Suspicious Stew""]","{""has_alternatives"": true, ""category"": ""foodstuffs""}"
"crafting","[""Red Mushroom"", ""Pink Tulip"", ""Brown Mushroom"", ""Bowl""]","[""Suspicious Stew""]","{""has_alternatives"": true, ""category"": ""foodstuffs""}"
"crafting","[""Red Mushroom"", ""Azure Bluet"", ""Brown Mushroom"", ""Bowl""]","[""Suspicious Stew""]","{""has_alternatives"": true, ""category"": ""foodstuffs""}"
"crafting","[""Red Mushroom"", ""Allium"", ""Brown Mushroom"", ""Bowl""]","[""Suspicious Stew""]","{""has_alternatives"": true, ""category"": ""foodstuffs""}"
"crafting","[""Red Mushroom"", ""Blue Orchid"", ""Brown Mushroom"", ""Bowl""]","[""Suspicious Stew""]","{""has_alternatives"": true, ""category"": ""foodstuffs""}"
"crafting","[""Red Mushroom"", ""Poppy"", ""Brown Mushroom"", ""Bowl""]","[""Suspicious Stew""]","{""has_alternatives"": true, ""category"": ""foodstuffs""}"
"crafting","[""Dandelion"", ""Red Mushroom"", ""Brown Mushroom"", ""Bowl""]","[""Suspicious Stew""]","{""has_alternatives"": true, ""category"": ""foodstuffs""}"
"crafting","[""Red Mushroom"", ""Torchflower"", ""Brown Mushroom"", ""Bowl""]","[""Suspicious Stew""]","{""has_alternatives"": true, ""category"": ""foodstuffs""}"
"crafting","[""Red Mushroom"", ""Closed Eyeblossom"", ""Brown Mushroom"", ""Bowl""]","[""Suspicious Stew""]","{""has_alternatives"": true, ""category"": ""foodstuffs""}"
"crafting","[""Red Mushroom"", ""Open Eyeblossom"", ""Brown Mushroom"", ""Bowl""]","[""Suspicious Stew""]","{""has_alternatives"": true, ""category"": ""foodstuffs""}"
"crafting","[""Honey Block"", ""Glass Bottle""]","[""Honey Bottle""]","{""category"": ""foodstuffs""}"
"crafting","[""Flint"", ""Iron Ingot""]","[""Flint and Steel""]","{""category"": ""tools""}"
"crafting","[""Planks"", ""Stick""]","[""Pickaxe""]","{""has_alternatives"": true, ""category"": ""tools""}"
"crafting","[""Gold Ingot"", ""Stick""]","[""Pickaxe""]","{""has_alternatives"": true, ""category"": ""tools""}"
"crafting","[""Cobblestone"", ""Stick""]","[""Pickaxe""]","{""has_alternatives"": true, ""category"": ""tools""}"
"crafting","[""Blackstone"", ""Stick""]","[""Pickaxe""]","{""has_alternatives"": true, ""category"": ""tools""}"
"crafting","[""Cobbled Deepslate"", ""Stick""]","[""Pickaxe""]","{""has_alternatives"": true, ""category"": ""tools""}"
"crafting","[""Stick"", ""Copper Ingot""]","[""Pickaxe""]","{""has_alternatives"": true, ""category"": ""tools""}"
"crafting","[""Stick"", ""Iron Ingot""]","[""Pickaxe""]","{""has_alternatives"": true, ""category"": ""tools""}"
"crafting","[""Diamond"", ""Stick""]","[""Pickaxe""]","{""has_alternatives"": true, ""category"": ""tools""}"
"crafting","[""Planks"", ""Stick""]","[""Hoe""]","{""has_alternatives"": true, ""category"": ""tools""}"
"crafting","[""Gold Ingot"", ""Stick""]","[""Hoe""]","{""has_alternatives"": true, ""category"": ""tools""}"
"crafting","[""Cobblestone"", ""Stick""]","[""Hoe""]","{""has_alternatives"": true, ""category"": ""tools""}"
"crafting","[""Blackstone"", ""Stick""]","[""Hoe""]","{""has_alternatives"": true, ""category"": ""tools""}"
"crafting","[""Cobbled Deepslate"", ""Stick""]","[""Hoe""]","{""has_alternatives"": true, ""category"": ""tools""}"
"crafting","[""Stick"", ""Copper Ingot""]","[""Hoe""]","{""has_alternatives"": true, ""category"": ""tools""}"
"crafting","[""Stick"", ""Iron Ingot""]","[""Hoe""]","{""has_alternatives"": true, ""category"": ""tools""}"
"crafting","[""Diamond"", ""Stick""]","[""Hoe""]","{""has_alternatives"": true, ""category"": ""tools""}"
"crafting","[""Planks"", ""Stick""]","[""Axe""]","{""has_alternatives"": true, ""category"": ""tools""}"
"crafting","[""Gold Ingot"", ""Stick""]","[""Axe""]","{""has_alternatives"": true, ""category"": ""tools""}"
"crafting","[""Cobblestone"", ""Stick""]","[""Axe""]","{""has_alternatives"": true, ""category"": ""tools""}"
"crafting","[""Blackstone"", ""Stick""]","[""Axe""]","{""has_alternatives"": true, ""category"": ""tools""}"
"crafting","[""Cobbled Deepslate"", ""Stick""]","[""Axe""]","{""has_alternatives"": true, ""category"": ""tools""}"
"crafting","[""Stick"", ""Copper Ingot""]","[""Axe""]","{""has_alternatives"": true, ""category"": ""tools""}"
"crafting","[""Stick"", ""Iron Ingot""]","[""Axe""]","{""has_alternatives"": true, ""category"": ""tools""}"
"crafting","[""Diamond"", ""Stick""]","[""Axe""]","{""has_alternatives"": true, ""category"": ""tools""}"
"crafting","[""Planks"", ""Stick""]","[""Shovel""]","{""has_alternatives"": true, ""category"": ""tools""}"
"crafting","[""Gold Ingot"", ""Stick""]","[""Shovel""]","{""has_alternatives"": true, ""category"": ""tools""}"
"crafting","[""Cobblestone"", ""Stick""]","[""Shovel""]","{""has_alternatives"": true, ""category"": ""tools""}"
"crafting","[""Blackstone"", ""Stick""]","[""Shovel""]","{""has_alternatives"": true, ""category"": ""tools""}"
"crafting","[""Cobbled Deepslate"", ""Stick""]","[""Shovel""]","{""has_alternatives"": true, ""category"": ""tools""}"
"crafting","[""Stick"", ""Copper Ingot""]","[""Shovel""]","{""has_alternatives"": true, ""category"": ""tools""}"
"crafting","[""Stick"", ""Iron Ingot""]","[""Shovel""]","{""has_alternatives"": true, ""category"": ""tools""}"
"crafting","[""Diamond"", ""Stick""]","[""Shovel""]","{""has_alternatives"": true, ""category"": ""tools""}"
"crafting","[""String"", ""Stick""]","[""Fishing Rod""]","{""category"": ""tools""}"
"crafting","[""Iron Ingot""]","[""Shears""]","{""category"": ""tools""}"
"crafting","[""Carrot"", ""Fishing Rod""]","[""Carrot on a Stick""]","{""has_alternatives"": true, ""category"": ""tools""}"
"crafting","[""Fishing Rod"", ""Warped Fungus""]","[""Warped Fungus on a Stick""]","{""has_alternatives"": true, ""category"": ""tools""}"
"crafting","[""Copper Ingot"", ""Stick"", ""Feather""]","[""Brush""]","{""category"": ""tools""}"
"crafting","[""Iron Ingot"", ""Leather""]","[""Saddle""]","{""category"": ""utilities""}"
"crafting","[""Iron Ingot""]","[""Bucket""]","{""category"": ""utilities""}"
"crafting","[""Redstone Dust"", ""Iron Ingot""]","[""Compass""]","{""category"": ""utilities""}"
"crafting","[""Gold Ingot"", ""Redstone Dust""]","[""Clock""]","{""category"": ""utilities""}"
"crafting","[""String"", ""Leather""]","[""Bundle""]","{""category"": ""utilities""}"
"crafting","[""Dye"", ""Bundle""]","[""Bundle""]","{""has_alternatives"": true, ""category"": ""utilities""}"
"crafting","[""Amethyst Shard"", ""Copper Ingot""]","[""Spyglass""]","{""category"": ""utilities""}"
"crafting","[""Compass"", ""Echo Shard""]","[""Recovery Compass""]","{""category"": ""utilities""}"
"crafting","[""Glass"", ""Wool"", ""Leather""]","[""Harness""]","{""has_alternatives"": true, ""category"": ""utilities""}"
"crafting","[""Harness"", ""Dye""]","[""Harness""]","{""has_alternatives"": true, ""category"": ""utilities""}"
"crafting","[""String"", ""Stick""]","[""Bow""]","{""category"": ""combat""}"
"crafting","[""Leather""]","[""Leather Cap""]","{""has_alternatives"": true, ""category"": ""combat""}"
"crafting","[""Gold Ingot""]","[""Golden Helmet""]","{""has_alternatives"": true, ""category"": ""combat""}"
"crafting","[""Copper Ingot""]","[""Copper Helmet""]","{""has_alternatives"": true, ""category"": ""combat""}"
"crafting","[""Iron Ingot""]","[""Iron Helmet""]","{""has_alternatives"": true, ""category"": ""combat""}"
"crafting","[""Diamond""]","[""Diamond Helmet""]","{""has_alternatives"": true, ""category"": ""combat""}"
"crafting","[""Turtle Scute""]","[""Turtle Shell""]","{""category"": ""combat""}"
"crafting","[""Leather""]","[""Leather Pants""]","{""has_alternatives"": true, ""category"": ""combat""}"
"crafting","[""Gold Ingot""]","[""Golden Leggings""]","{""has_alternatives"": true, ""category"": ""combat""}"
"crafting","[""Copper Ingot""]","[""Copper Leggings""]","{""has_alternatives"": true, ""category"": ""combat""}"
"crafting","[""Iron Ingot""]","[""Iron Leggings""]","{""has_alternatives"": true, ""category"": ""combat""}"
"crafting","[""Diamond""]","[""Diamond Leggings""]","{""has_alternatives"": true, ""category"": ""combat""}"
"crafting","[""Leather""]","[""Leather Boots""]","{""has_alternatives"": true, ""category"": ""combat""}"
"crafting","[""Gold Ingot""]","[""Golden Boots""]","{""has_alternatives"": true, ""category"": ""combat""}"
"crafting","[""Copper Ingot""]","[""Copper Boots""]","{""has_alternatives"": true, ""category"": ""combat""}"
"crafting","[""Iron Ingot""]","[""Iron Boots""]","{""has_alternatives"": true, ""category"": ""combat""}"
"crafting","[""Diamond""]","[""Diamond Boots""]","{""has_alternatives"": true, ""category"": ""combat""}"
"crafting","[""Flint"", ""Stick"", ""Feather""]","[""Arrow""]","{""category"": ""combat""}"
"crafting","[""Leather""]","[""Leather Tunic""]","{""has_alternatives"": true, ""category"": ""combat""}"
"crafting","[""Gold Ingot""]","[""Golden Chestplate""]","{""has_alternatives"": true, ""category"": ""combat""}"
"crafting","[""Copper Ingot""]","[""Copper Chestplate""]","{""has_alternatives"": true, ""category"": ""combat""}"
"crafting","[""Iron Ingot""]","[""Iron Chestplate""]","{""has_alternatives"": true, ""category"": ""combat""}"
"crafting","[""Diamond""]","[""Diamond Chestplate""]","{""has_alternatives"": true, ""category"": ""combat""}"
"crafting","[""Planks"", ""Stick""]","[""Sword""]","{""has_alternatives"": true, ""category"": ""combat""}"
"crafting","[""Gold Ingot"", ""Stick""]","[""Sword""]","{""has_alternatives"": true, ""category"": ""combat""}"
"crafting","[""Cobblestone"", ""Stick""]","[""Sword""]","{""has_alternatives"": true, ""category"": ""combat""}"
"crafting","[""Blackstone"", ""Stick""]","[""Sword""]","{""has_alternatives"": true, ""category"": ""combat""}"
"crafting","[""Cobbled Deepslate"", ""Stick""]","[""Sword""]","{""has_alternatives"": true, ""category"": ""combat""}"
"crafting","[""Stick"", ""Copper Ingot""]","[""Sword""]","{""has_alternatives"": true, ""category"": ""combat""}"
"crafting","[""Stick"", ""Iron Ingot""]","[""Sword""]","{""has_alternatives"": true, ""category"": ""combat""}"
"crafting","[""Diamond"", ""Stick""]","[""Sword""]","{""has_alternatives"": true, ""category"": ""combat""}"
"crafting","[""Arrow"", ""Glowstone Dust""]","[""Tipped Arrow""]","{""category"": ""combat""}"
"crafting","[""Arrow"", ""Potion""]","[""Tipped Arrow""]","{""has_alternatives"": true, ""category"": ""combat""}"
"crafting","[""Planks"", ""Iron Ingot""]","[""Shield""]","{""has_alternatives"": true, ""category"": ""combat""}"
"crafting","[""Banner"", ""Shield""]","[""Shield""]","{""has_alternatives"": true, ""category"": ""combat""}"
"crafting","[""Tripwire Hook"", ""String"", ""Stick"", ""Iron Ingot""]","[""Crossbow""]","{""category"": ""combat""}"
"crafting","[""Shield"", ""Ominous Banner""]","[""Shield""]","{""category"": ""combat""}"
"crafting","[""Heavy Core"", ""Breeze Rod""]","[""Mace""]","{""category"": ""combat""}"
"crafting","[""Armadillo Scute""]","[""Wolf Armor""]","{""category"": ""combat""}"
"crafting","[""Breeze Rod""]","[""Wind Charge""]","{""category"": ""combat""}"
"crafting","[""Planks"", ""Stick""]","[""Wooden Spear""]","{""has_alternatives"": true, ""category"": ""combat""}"
"crafting","[""Cobblestone"", ""Stick""]","[""Stone Spear""]","{""has_alternatives"": true, ""category"": ""combat""}"
"crafting","[""Blackstone"", ""Stick""]","[""Stone Spear""]","{""has_alternatives"": true, ""category"": ""combat""}"
"crafting","[""Cobbled Deepslate"", ""Stick""]","[""Stone Spear""]","{""has_alternatives"": true, ""category"": ""combat""}"
"crafting","[""Stick"", ""Iron Ingot""]","[""Iron Spear""]","{""category"": ""combat""}"
"crafting","[""Stick"", ""Copper Ingot""]","[""Copper Spear""]","{""category"": ""combat""}"
"crafting","[""Gold Ingot"", ""Stick""]","[""Golden Spear""]","{""category"": ""combat""}"
"crafting","[""Diamond"", ""Stick""]","[""Diamond Spear""]","{""category"": ""combat""}"
"crafting","[""Glass""]","[""Glass Bottle""]","{""category"": ""brewing""}"
"crafting","[""Blaze Rod""]","[""Blaze Powder""]","{""category"": ""brewing""}"
"crafting","[""Slimeball"", ""Blaze Powder""]","[""Magma Cream""]","{""category"": ""brewing""}"
"crafting","[""Sugar"", ""Spider Eye"", ""Brown Mushroom""]","[""Fermented Spider Eye""]","{""category"": ""brewing""}"
"crafting","[""Iron Ingot""]","[""Cauldron""]","{""category"": ""brewing""}"
"crafting","[""Blaze Rod"", ""Cobblestone""]","[""Brewing Stand""]","{""has_alternatives"": true, ""category"": ""brewing""}"
"crafting","[""Blaze Rod"", ""Blackstone""]","[""Brewing Stand""]","{""has_alternatives"": true, ""category"": ""brewing""}"
"crafting","[""Blaze Rod"", ""Cobbled Deepslate""]","[""Brewing Stand""]","{""has_alternatives"": true, ""category"": ""brewing""}"
"crafting","[""Gold Nugget"", ""Melon Slice""]","[""Glistering Melon Slice""]","{""category"": ""brewing""}"
"crafting","[""Hay Bale""]","[""Wheat""]","{""category"": ""materials""}"
"crafting","[""Planks""]","[""Stick""]","{""has_alternatives"": true, ""category"": ""materials""}"
"crafting","[""Bamboo""]","[""Stick""]","{""category"": ""materials""}"
"crafting","[""Planks""]","[""Bowl""]","{""has_alternatives"": true, ""category"": ""materials""}"
"crafting","[""Rabbit Hide""]","[""Leather""]","{""category"": ""materials""}"
"crafting","[""Slime Block""]","[""Slimeball""]","{""category"": ""materials""}"
"crafting","[""Block of Iron""]","[""Iron Ingot""]","{""category"": ""materials""}"
"crafting","[""Iron Nugget""]","[""Iron Ingot""]","{""category"": ""materials""}"
"crafting","[""Block of Gold""]","[""Gold Ingot""]","{""category"": ""materials""}"
"crafting","[""Gold Nugget""]","[""Gold Ingot""]","{""category"": ""materials""}"
"crafting","[""Block of Coal""]","[""Coal""]","{""category"": ""materials""}"
"crafting","[""Sugar Cane""]","[""Sugar""]","{""category"": ""materials""}"
"crafting","[""Honey Bottle""]","[""Sugar""]","{""category"": ""materials""}"
"crafting","[""Dandelion""]","[""Dye""]","{""has_alternatives"": true, ""category"": ""materials""}"
"crafting","[""Wildflowers""]","[""Dye""]","{""has_alternatives"": true, ""category"": ""materials""}"
"crafting","[""Sunflower""]","[""Dye""]","{""category"": ""materials""}"
"crafting","[""Bone""]","[""Bone Meal""]","{""category"": ""materials""}"
"crafting","[""Bone Block""]","[""Bone Meal""]","{""category"": ""materials""}"
"crafting","[""Poppy""]","[""Dye""]","{""has_alternatives"": true, ""category"": ""materials""}"
"crafting","[""Red Tulip""]","[""Dye""]","{""has_alternatives"": true, ""category"": ""materials""}"
"crafting","[""Beetroot""]","[""Dye""]","{""has_alternatives"": true, ""category"": ""materials""}"
"crafting","[""Rose Bush""]","[""Dye""]","{""category"": ""materials""}"
"crafting","[""Orange Tulip""]","[""Dye""]","{""has_alternatives"": true, ""category"": ""materials""}"
"crafting","[""Torchflower""]","[""Dye""]","{""has_alternatives"": true, ""category"": ""materials""}"
"crafting","[""Open Eyeblossom""]","[""Dye""]","{""has_alternatives"": true, ""category"": ""materials""}"
"crafting","[""Dye""]","[""Dye""]","{""category"": ""materials""}"
"crafting","[""Pink Tulip""]","[""Dye""]","{""has_alternatives"": true, ""category"": ""materials""}"
"crafting","[""Cactus Flower""]","[""Dye""]","{""has_alternatives"": true, ""category"": ""materials""}"
"crafting","[""Pink Petals""]","[""Dye""]","{""category"": ""materials""}"
"crafting","[""Peony""]","[""Dye""]","{""category"": ""materials""}"
"crafting","[""Block of Lapis Lazuli""]","[""Lapis Lazuli""]","{""category"": ""materials""}"
"crafting","[""Pitcher Plant""]","[""Dye""]","{""category"": ""materials""}"
"crafting","[""Azure Bluet""]","[""Dye""]","{""has_alternatives"": true, ""category"": ""materials""}"
"crafting","[""Oxeye Daisy""]","[""Dye""]","{""has_alternatives"": true, ""category"": ""materials""}"
"crafting","[""White Tulip""]","[""Dye""]","{""has_alternatives"": true, ""category"": ""materials""}"
"crafting","[""Allium""]","[""Dye""]","{""category"": ""materials""}"
"crafting","[""Lilac""]","[""Dye""]","{""category"": ""materials""}"
"crafting","[""Closed Eyeblossom""]","[""Dye""]","{""category"": ""materials""}"
"crafting","[""Blue Orchid""]","[""Dye""]","{""category"": ""materials""}"
"crafting","[""Melon Slice""]","[""Melon Seeds""]","{""category"": ""materials""}"
"crafting","[""Pumpkin""]","[""Pumpkin Seeds""]","{""category"": ""materials""}"
"crafting","[""Gold Ingot""]","[""Gold Nugget""]","{""category"": ""materials""}"
"crafting","[""Block of Diamond""]","[""Diamond""]","{""category"": ""materials""}"
"crafting","[""Block of Emerald""]","[""Emerald""]","{""category"": ""materials""}"
"crafting","[""Iron Ingot""]","[""Iron Nugget""]","{""category"": ""materials""}"
"crafting","[""Bone Meal""]","[""Dye""]","{""category"": ""materials""}"
"crafting","[""Lily of the Valley""]","[""Dye""]","{""category"": ""materials""}"
"crafting","[""Ink Sac""]","[""Dye""]","{""category"": ""materials""}"
"crafting","[""Wither Rose""]","[""Dye""]","{""category"": ""materials""}"
"crafting","[""Cocoa Beans""]","[""Dye""]","{""category"": ""materials""}"
"crafting","[""Lapis Lazuli""]","[""Dye""]","{""category"": ""materials""}"
"crafting","[""Cornflower""]","[""Dye""]","{""category"": ""materials""}"
"crafting","[""Netherite Scrap"", ""Gold Ingot""]","[""Netherite Ingot""]","{""category"": ""materials""}"
"crafting","[""Block of Netherite""]","[""Netherite Ingot""]","{""category"": ""materials""}"
"crafting","[""Block of Copper""]","[""Copper Ingot""]","{""has_alternatives"": true, ""category"": ""materials""}"
"crafting","[""Copper Nugget""]","[""Copper Ingot""]","{""category"": ""materials""}"
"crafting","[""Block of Raw Iron""]","[""Raw Iron""]","{""category"": ""materials""}"
"crafting","[""Block of Raw Gold""]","[""Raw Gold""]","{""category"": ""materials""}"
"crafting","[""Block of Raw Copper""]","[""Raw Copper""]","{""category"": ""materials""}"
"crafting","[""Block of Resin""]","[""Resin Clump""]","{""category"": ""materials""}"
"crafting","[""Copper Ingot""]","[""Copper Nugget""]","{""category"": ""materials""}"
"crafting","[""Paper"", ""Leather""]","[""Book""]","{""category"": ""miscellaneous""}"
"crafting","[""Compass"", ""Paper""]","[""Empty Map""]","{""category"": ""miscellaneous""}"
"crafting","[""Empty Map"", ""Map""]","[""Map""]","{""has_alternatives"": true, ""category"": ""miscellaneous""}"
"crafting","[""Blaze Powder"", ""Ender Pearl""]","[""Eye of Ender""]","{""category"": ""miscellaneous""}"
"crafting","[""Blaze Powder"", ""Coal"", ""Gunpowder""]","[""Fire Charge""]","{""has_alternatives"": true, ""category"": ""miscellaneous""}"
"crafting","[""Blaze Powder"", ""Charcoal"", ""Gunpowder""]","[""Fire Charge""]","{""has_alternatives"": true, ""category"": ""miscellaneous""}"
"crafting","[""Ink Sac"", ""Book"", ""Feather""]","[""Book and Quill""]","{""category"": ""miscellaneous""}"
"crafting","[""Written Book"", ""Book and Quill""]","[""Written Book""]","{""has_alternatives"": true, ""category"": ""miscellaneous""}"
"crafting","[""Glass"", ""Nether Star"", ""Obsidian""]","[""Beacon""]","{""category"": ""miscellaneous""}"
"crafting","[""Paper"", ""Gunpowder""]","[""Firework Rocket""]","{""has_alternatives"": true, ""category"": ""miscellaneous""}"
"crafting","[""Firework Star"", ""Paper"", ""Gunpowder""]","[""Firework Rocket""]","{""has_alternatives"": true, ""category"": ""miscellaneous""}"
"crafting","[""Dye"", ""Head"", ""Glowstone Dust"", ""Diamond"", ""Gunpowder""]","[""Firework Star""]","{""has_alternatives"": true, ""category"": ""miscellaneous""}"
"crafting","[""Dye"", ""Gold Nugget"", ""Diamond"", ""Glowstone Dust"", ""Gunpowder""]","[""Firework Star""]","{""has_alternatives"": true, ""category"": ""miscellaneous""}"
"crafting","[""Dye"", ""Feather"", ""Diamond"", ""Glowstone Dust"", ""Gunpowder""]","[""Firework Star""]","{""has_alternatives"": true, ""category"": ""miscellaneous""}"
"crafting","[""Fire Charge"", ""Glowstone Dust"", ""Diamond"", ""Dye"", ""Gunpowder""]","[""Firework Star""]","{""has_alternatives"": true, ""category"": ""miscellaneous""}"
"crafting","[""Firework Star"", ""Dye""]","[""Firework Star""]","{""has_alternatives"": true, ""category"": ""miscellaneous""}"
"crafting","[""Leather""]","[""Leather Horse Armor""]","{""category"": ""miscellaneous""}"
"crafting","[""Sugar Cane""]","[""Paper""]","{""category"": ""miscellaneous""}"
"crafting","[""Nautilus Shell"", ""Heart of the Sea""]","[""Conduit""]","{""category"": ""miscellaneous""}"
"crafting","[""Enchanted Golden Apple"", ""Paper""]","[""Thing Banner Pattern""]","{""category"": ""miscellaneous""}"
"crafting","[""Creeper Head"", ""Paper""]","[""Creeper Charge Banner Pattern""]","{""category"": ""miscellaneous""}"
"crafting","[""Wither Skeleton Skull"", ""Paper""]","[""Skull Charge Banner Pattern""]","{""category"": ""miscellaneous""}"
"crafting","[""Paper"", ""Oxeye Daisy""]","[""Flower Charge Banner Pattern""]","{""category"": ""miscellaneous""}"
"crafting","[""Bricks"", ""Paper""]","[""Field Masoned Banner Pattern""]","{""category"": ""miscellaneous""}"
"crafting","[""Vines"", ""Paper""]","[""Bordure Indented Banner Pattern""]","{""category"": ""miscellaneous""}"
"crafting","[""Disc Fragment""]","[""Music Disc""]","{""category"": ""miscellaneous""}"
"crafting","[""Cobblestone"", ""Diamond"", ""Coast Armor Trim""]","[""Coast Armor Trim""]","{""category"": ""miscellaneous""}"
"crafting","[""Dune Armor Trim"", ""Diamond"", ""Sandstone""]","[""Dune Armor Trim""]","{""category"": ""miscellaneous""}"
"crafting","[""End Stone"", ""Diamond"", ""Eye Armor Trim""]","[""Eye Armor Trim""]","{""category"": ""miscellaneous""}"
"crafting","[""Rib Armor Trim"", ""Diamond"", ""Netherrack""]","[""Rib Armor Trim""]","{""category"": ""miscellaneous""}"
"crafting","[""Sentry Armor Trim"", ""Cobblestone"", ""Diamond""]","[""Sentry Armor Trim""]","{""category"": ""miscellaneous""}"
"crafting","[""Blackstone"", ""Diamond"", ""Snout Armor Trim""]","[""Snout Armor Trim""]","{""category"": ""miscellaneous""}"
"crafting","[""Spire Armor Trim"", ""Purpur Block"", ""Diamond""]","[""Spire Armor Trim""]","{""category"": ""miscellaneous""}"
"crafting","[""Prismarine"", ""Tide Armor Trim"", ""Diamond""]","[""Tide Armor Trim""]","{""category"": ""miscellaneous""}"
"crafting","[""Cobblestone"", ""Vex Armor Trim"", ""Diamond""]","[""Vex Armor Trim""]","{""category"": ""miscellaneous""}"
"crafting","[""Ward Armor Trim"", ""Cobbled Deepslate"", ""Diamond""]","[""Ward Armor Trim""]","{""category"": ""miscellaneous""}"
"crafting","[""Mossy Cobblestone"", ""Wild Armor Trim"", ""Diamond""]","[""Wild Armor Trim""]","{""category"": ""miscellaneous""}"
"crafting","[""Terracotta"", ""Diamond"", ""Host Armor Trim""]","[""Host Armor Trim""]","{""category"": ""miscellaneous""}"
"crafting","[""Terracotta"", ""Raiser Armor Trim"", ""Diamond""]","[""Raiser Armor Trim""]","{""category"": ""miscellaneous""}"
"crafting","[""Shaper Armor Trim"", ""Terracotta"", ""Diamond""]","[""Shaper Armor Trim""]","{""category"": ""miscellaneous""}"
"crafting","[""Silence Armor Trim"", ""Cobbled Deepslate"", ""Diamond""]","[""Silence Armor Trim""]","{""category"": ""miscellaneous""}"
"crafting","[""Wayfinder Armor Trim"", ""Terracotta"", ""Diamond""]","[""Wayfinder Armor Trim""]","{""category"": ""miscellaneous""}"
"crafting","[""Flow Armor Trim"", ""Breeze Rod"", ""Diamond""]","[""Flow Armor Trim""]","{""category"": ""miscellaneous""}"
"crafting","[""Bolt Armor Trim"", ""Block of Copper"", ""Diamond""]","[""Bolt Armor Trim""]","{""has_alternatives"": true, ""category"": ""miscellaneous""}"
"smelting","[""Potato""]","[""Baked Potato""]","{}"
"smelting","[""Kelp""]","[""Dried Kelp""]","{}"
"smelting","[""Raw Beef""]","[""Steak""]","{}"
"smelting","[""Raw Porkchop""]","[""Cooked Porkchop""]","{}"
"smelting","[""Raw Mutton""]","[""Cooked Mutton""]","{}"
"smelting","[""Raw Chicken""]","[""Cooked Chicken""]","{}"
"smelting","[""Raw Rabbit""]","[""Cooked Rabbit""]","{}"
"smelting","[""Raw Cod""]","[""Cooked Cod""]","{}"
"smelting","[""Raw Salmon""]","[""Cooked Salmon""]","{}"
"smelting","[""Raw Iron""]","[""Iron Ingot""]","{}"
"smelting","[""Raw Copper""]","[""Copper Ingot""]","{}"
"smelting","[""Raw Gold""]","[""Gold Ingot""]","{}"
"smelting","[""Nether Gold Ore""]","[""Gold Ingot""]","{}"
"smelting","[""Ancient Debris""]","[""Netherite Scrap""]","{}"
"smelting","[""Redstone Ore""]","[""Redstone Dust""]","{}"
"smelting","[""Deepslate Redstone Ore""]","[""Redstone Dust""]","{}"
"smelting","[""Coal Ore""]","[""Coal""]","{}"
"smelting","[""Deepslate Coal Ore""]","[""Coal""]","{}"
"smelting","[""Emerald Ore""]","[""Emerald""]","{}"
"smelting","[""Deepslate Emerald Ore""]","[""Emerald""]","{}"
"smelting","[""Lapis Lazuli Ore""]","[""Lapis Lazuli""]","{}"
"smelting","[""Deepslate Lapis Lazuli Ore""]","[""Lapis Lazuli""]","{}"
"smelting","[""Diamond Ore""]","[""Diamond""]","{}"
"smelting","[""Deepslate Diamond Ore""]","[""Diamond""]","{}"
"smelting","[""Nether Quartz Ore""]","[""Nether Quartz""]","{}"
"smelting","[""Iron Ore""]","[""Iron Ingot""]","{}"
"smelting","[""Deepslate Iron Ore""]","[""Iron Ingot""]","{}"
"smelting","[""Copper Ore""]","[""Copper Ingot""]","{}"
"smelting","[""Deepslate Copper Ore""]","[""Copper Ingot""]","{}"
"smelting","[""Gold Ore""]","[""Gold Ingot""]","{}"
"smelting","[""Deepslate Gold Ore""]","[""Gold Ingot""]","{}"
"smelting","[""Shovel""]","[""Iron Nugget""]","{}"
"smelting","[""Pickaxe""]","[""Iron Nugget""]","{}"
"smelting","[""Axe""]","[""Iron Nugget""]","{}"
"smelting","[""Hoe""]","[""Iron Nugget""]","{}"
"smelting","[""Sword""]","[""Iron Nugget""]","{}"
"smelting","[""Chainmail Helmet""]","[""Iron Nugget""]","{}"
"smelting","[""Chainmail Chestplate""]","[""Iron Nugget""]","{}"
"smelting","[""Chainmail Leggings""]","[""Iron Nugget""]","{}"
"smelting","[""Chainmail Boots""]","[""Iron Nugget""]","{}"
"smelting","[""Iron Helmet""]","[""Iron Nugget""]","{}"
"smelting","[""Iron Chestplate""]","[""Iron Nugget""]","{}"
"smelting","[""Iron Leggings""]","[""Iron Nugget""]","{}"
"smelting","[""Iron Boots""]","[""Iron Nugget""]","{}"
"smelting","[""Iron Horse Armor""]","[""Iron Nugget""]","{}"
"smelting","[""Shovel""]","[""Gold Nugget""]","{}"
"smelting","[""Pickaxe""]","[""Gold Nugget""]","{}"
"smelting","[""Axe""]","[""Gold Nugget""]","{}"
"smelting","[""Hoe""]","[""Gold Nugget""]","{}"
"smelting","[""Sword""]","[""Gold Nugget""]","{}"
"smelting","[""Golden Helmet""]","[""Gold Nugget""]","{}"
"smelting","[""Golden Chestplate""]","[""Gold Nugget""]","{}"
"smelting","[""Golden Leggings""]","[""Gold Nugget""]","{}"
"smelting","[""Golden Boots""]","[""Gold Nugget""]","{}"
"smelting","[""Golden Horse Armor""]","[""Gold Nugget""]","{}"
"smelting","[""Shovel""]","[""Copper Nugget""]","{}"
"smelting","[""Pickaxe""]","[""Copper Nugget""]","{}"
"smelting","[""Axe""]","[""Copper Nugget""]","{}"
"smelting","[""Hoe""]","[""Copper Nugget""]","{}"
"smelting","[""Sword""]","[""Copper Nugget""]","{}"
"smelting","[""Copper Helmet""]","[""Copper Nugget""]","{}"
"smelting","[""Copper Chestplate""]","[""Copper Nugget""]","{}"
"smelting","[""Copper Leggings""]","[""Copper Nugget""]","{}"
"smelting","[""Copper Boots""]","[""Copper Nugget""]","{}"
"smelting","[""Copper Horse Armor""]","[""Copper Nugget""]","{}"
"smelting","[""Cobblestone""]","[""Stone""]","{}"
"smelting","[""Stone""]","[""Smooth Stone""]","{}"
"smelting","[""Stone Bricks""]","[""Cracked Stone Bricks""]","{}"
"smelting","[""Cobbled Deepslate""]","[""Deepslate""]","{}"
"smelting","[""Cobbled Deepslate Variants""]","[""Cracked Deepslate Bricks""]","{}"
"smelting","[""Cobbled Deepslate Variants""]","[""Cracked Deepslate Tiles""]","{}"
"smelting","[""Sandstone""]","[""Smooth Sandstone""]","{}"
"smelting","[""Red Sandstone""]","[""Smooth Red Sandstone""]","{}"
"smelting","[""Nether Bricks""]","[""Cracked Nether Bricks""]","{}"
"smelting","[""Basalt""]","[""Smooth Basalt""]","{}"
"smelting","[""Blackstone Variants""]","[""Cracked Polished Blackstone Bricks""]","{}"
"smelting","[""Block of Quartz""]","[""Smooth Quartz""]","{}"
"smelting","[""Clay""]","[""Terracotta""]","{}"
"smelting","[""Terracotta""]","[""White Glazed Terracotta""]","{}"
"smelting","[""Sand""]","[""Glass""]","{}"
"smelting","[""Wet Sponge""]","[""Sponge""]","{}"
"smelting","[""Log""]","[""Charcoal""]","{}"
"smelting","[""Wood""]","[""Charcoal""]","{}"
"smelting","[""Stripped Log""]","[""Charcoal""]","{}"
"smelting","[""Stripped Wood""]","[""Charcoal""]","{}"
"smelting","[""Chorus Fruit""]","[""Popped Chorus Fruit""]","{}"
"smelting","[""Sea Pickle""]","[""Dye""]","{}"
"smelting","[""Cactus""]","[""Dye""]","{}"
"smelting","[""Clay Ball""]","[""Brick""]","{}"
"smelting","[""Netherrack""]","[""Nether Brick""]","{}"
"smelting","[""Resin Clump""]","[""Resin Brick""]","{}"
"smelting","[""Oak Leaves""]","[""Leaf Litter""]","{}"
"smithing","[""Diamond Helmet"", ""Netherite Upgrade"", ""Netherite Ingot""]","[""Netherite Helmet""]","{}"
"smithing","[""Diamond Chestplate"", ""Netherite Upgrade"", ""Netherite Ingot""]","[""Netherite Chestplate""]","{}"
"smithing","[""Diamond Leggings"", ""Netherite Upgrade"", ""Netherite Ingot""]","[""Netherite Leggings""]","{}"
"smithing","[""Diamond Boots"", ""Netherite Upgrade"", ""Netherite Ingot""]","[""Netherite Boots""]","{}"
"smithing","[""Sword"", ""Netherite Upgrade"", ""Netherite Ingot""]","[""Sword""]","{}"
"smithing","[""Pickaxe"", ""Netherite Upgrade"", ""Netherite Ingot""]","[""Pickaxe""]","{}"
"smithing","[""Axe"", ""Netherite Upgrade"", ""Netherite Ingot""]","[""Axe""]","{}"
"smithing","[""Shovel"", ""Netherite Upgrade"", ""Netherite Ingot""]","[""Shovel""]","{}"
"smithing","[""Hoe"", ""Netherite Upgrade"", ""Netherite Ingot""]","[""Hoe""]","{}"
"smithing","[""Netherite Ingot"", ""Netherite Upgrade"", ""Diamond Spear""]","[""Netherite Spear""]","{}"
"smithing","[""Resin Brick"", ""Netherite Ingot"", ""Dune Armor Trim"", ""Raiser Armor Trim"", ""Diamond"", ""Snout Armor Trim"", ""Silence Armor Trim"", ""Leather Pants"", ""Netherite Helmet"", ""Bolt Armor Trim"", ""Golden Leggings"", ""Turtle Shell"", ""Iron Chestplate"", ""Host Armor Trim"", ""Diamond Boots"", ""Iron Ingot"", ""Flow Armor Trim"", ""Emerald"", ""Redstone Dust"", ""Rib Armor Trim"", ""Ward Armor Trim"", ""Lapis Lazuli"", ""Copper Boots"", ""Chainmail Chestplate"", ""Wild Armor Trim"", ""Shaper Armor Trim"", ""Eye Armor Trim"", ""Copper Ingot"", ""Gold Ingot"", ""Nether Quartz"", ""Spire Armor Trim"", ""Amethyst Shard"", ""Vex Armor Trim"", ""Sentry Armor Trim"", ""Wayfinder Armor Trim"", ""Tide Armor Trim"", ""Coast Armor Trim""]","[""Netherite Helmet""]","{}"
"stonecutter","[""Stone""]","[""Stone Variants""]","{}"
"stonecutter","[""Stone""]","[""Stone Bricks""]","{}"
"stonecutter","[""Stone""]","[""Chiseled Stone Bricks""]","{}"
"stonecutter","[""Cobblestone""]","[""Cobblestone Variants""]","{}"
"stonecutter","[""Mossy Cobblestone""]","[""Mossy Cobblestone Variants""]","{}"
"stonecutter","[""Smooth Stone""]","[""Smooth Stone Variants""]","{}"
"stonecutter","[""Stone Bricks""]","[""Stone Variants""]","{}"
"stonecutter","[""Stone Bricks""]","[""Chiseled Stone Bricks""]","{}"
"stonecutter","[""Mossy Stone Bricks""]","[""Mossy Stone Brick Variants""]","{}"
"stonecutter","[""Granite""]","[""Granite Variants""]","{}"
"stonecutter","[""Granite Variants""]","[""Granite Variants""]","{}"
"stonecutter","[""Diorite""]","[""Diorite Variants""]","{}"
"stonecutter","[""Diorite Variants""]","[""Diorite Variants""]","{}"
"stonecutter","[""Andesite""]","[""Andesite Variants""]","{}"
"stonecutter","[""Andesite Variants""]","[""Andesite Variants""]","{}"
"stonecutter","[""Cobbled Deepslate""]","[""Cobbled Deepslate Variants""]","{}"
"stonecutter","[""Cobbled Deepslate Variants""]","[""Cobbled Deepslate Variants""]","{}"
"stonecutter","[""Tuff""]","[""Tuff Variants""]","{}"
"stonecutter","[""Tuff Variants""]","[""Tuff Variants""]","{}"
"stonecutter","[""Bricks""]","[""Brick Variants""]","{}"
"stonecutter","[""Mud Bricks""]","[""Mud Brick Variants""]","{}"
"stonecutter","[""Resin Bricks""]","[""Resin Brick Variants""]","{}"
"stonecutter","[""Sandstone""]","[""Sandstone Variants""]","{}"
"stonecutter","[""Smooth Sandstone""]","[""Smooth Sandstone Variants""]","{}"
"stonecutter","[""Sandstone"", ""Sandstone Variants""]","[""Cut Sandstone Slab""]","{}"
"stonecutter","[""Red Sandstone""]","[""Red Sandstone Variants""]","{}"
"stonecutter","[""Smooth Red Sandstone""]","[""Smooth Red Sandstone Variants""]","{}"
"stonecutter","[""Red Sandstone Variants"", ""Red Sandstone""]","[""Cut Red Sandstone Slab""]","{}"
"stonecutter","[""Prismarine""]","[""Prismarine Variants""]","{}"
"stonecutter","[""Prismarine Bricks""]","[""Prismarine Brick Stairs""]","{}"
"stonecutter","[""Prismarine Bricks""]","[""Prismarine Brick Slab""]","{}"
"stonecutter","[""Dark Prismarine""]","[""Dark Prismarine Variants""]","{}"
"stonecutter","[""Nether Bricks""]","[""Nether Bricks Variants""]","{}"
"stonecutter","[""Red Nether Bricks""]","[""Red Nether Bricks Variants""]","{}"
"stonecutter","[""Basalt""]","[""Polished Basalt""]","{}"
"stonecutter","[""Blackstone""]","[""Blackstone Variants""]","{}"
"stonecutter","[""Blackstone Variants""]","[""Blackstone Variants""]","{}"
"stonecutter","[""End Stone""]","[""End Stone Bricks""]","{}"
"stonecutter","[""End Stone""]","[""End Stone Brick Variants""]","{}"
"stonecutter","[""End Stone Bricks""]","[""End Stone Brick Variants""]","{}"
"stonecutter","[""Purpur Block""]","[""Purpur Variants""]","{}"
"stonecutter","[""Block of Quartz""]","[""Quarz Variants""]","{}"
"stonecutter","[""Smooth Quartz""]","[""Smooth Quartz Variants""]","{}"
"stonecutter","[""Block of Copper""]","[""Copper Variants""]","{}"
"stonecutter","[""Copper Variants""]","[""Copper Variants""]","{}"
"crafting","[""Flint"", ""Iron Ingot""]","[""Flint and Steel""]","{""category"": ""crafting""}"
"crafting","[""String"", ""Stick""]","[""Fishing Rod""]","{""category"": ""crafting""}"
"crafting","[""Diamond"", ""Stick""]","[""Axe""]","{""category"": ""crafting""}"
"crafting","[""Diamond"", ""Stick""]","[""Pickaxe""]","{""category"": ""crafting""}"
"crafting","[""Diamond"", ""Stick""]","[""Hoe""]","{""category"": ""crafting""}"
"crafting","[""Gold Ingot"", ""Stick""]","[""Hoe""]","{""category"": ""crafting""}"
"crafting","[""Cobblestone"", ""Stick""]","[""Hoe""]","{""has_alternatives"": true, ""category"": ""crafting""}"
"crafting","[""Blackstone"", ""Stick""]","[""Hoe""]","{""has_alternatives"": true, ""category"": ""crafting""}"
"crafting","[""Cobbled Deepslate"", ""Stick""]","[""Hoe""]","{""has_alternatives"": true, ""category"": ""crafting""}"
"crafting","[""Planks"", ""Stick""]","[""Hoe""]","{""has_alternatives"": true, ""category"": ""crafting""}"
"crafting","[""Stick"", ""Iron Ingot""]","[""Hoe""]","{""category"": ""crafting""}"
"crafting","[""Stick"", ""Iron Ingot""]","[""Pickaxe""]","{""category"": ""crafting""}"
"crafting","[""Planks"", ""Stick""]","[""Shovel""]","{""has_alternatives"": true, ""category"": ""crafting""}"
"crafting","[""Cobblestone"", ""Stick""]","[""Shovel""]","{""has_alternatives"": true, ""category"": ""crafting""}"
"crafting","[""Blackstone"", ""Stick""]","[""Shovel""]","{""has_alternatives"": true, ""category"": ""crafting""}"
"crafting","[""Cobbled Deepslate"", ""Stick""]","[""Shovel""]","{""has_alternatives"": true, ""category"": ""crafting""}"
"crafting","[""Stick"", ""Iron Ingot""]","[""Shovel""]","{""category"": ""crafting""}"
"crafting","[""Diamond"", ""Stick""]","[""Shovel""]","{""category"": ""crafting""}"
"crafting","[""Cobblestone"", ""Stick""]","[""Pickaxe""]","{""has_alternatives"": true, ""category"": ""crafting""}"
"crafting","[""Blackstone"", ""Stick""]","[""Pickaxe""]","{""has_alternatives"": true, ""category"": ""crafting""}"
"crafting","[""Cobbled Deepslate"", ""Stick""]","[""Pickaxe""]","{""has_alternatives"": true, ""category"": ""crafting""}"
"crafting","[""Planks"", ""Stick""]","[""Pickaxe""]","{""has_alternatives"": true, ""category"": ""crafting""}"
"crafting","[""Planks"", ""Stick""]","[""Axe""]","{""has_alternatives"": true, ""category"": ""crafting""}"
"crafting","[""Cobblestone"", ""Stick""]","[""Axe""]","{""has_alternatives"": true, ""category"": ""crafting""}"
"crafting","[""Blackstone"", ""Stick""]","[""Axe""]","{""has_alternatives"": true, ""category"": ""crafting""}"
"crafting","[""Cobbled Deepslate"", ""Stick""]","[""Axe""]","{""has_alternatives"": true, ""category"": ""crafting""}"
"crafting","[""Stick"", ""Iron Ingot""]","[""Axe""]","{""category"": ""crafting""}"
"crafting","[""Iron Ingot""]","[""Shears""]","{""category"": ""crafting""}"
"crafting","[""Gold Ingot"", ""Stick""]","[""Pickaxe""]","{""category"": ""crafting""}"
"crafting","[""Gold Ingot"", ""Stick""]","[""Shovel""]","{""category"": ""crafting""}"
"crafting","[""Gold Ingot"", ""Stick""]","[""Axe""]","{""category"": ""crafting""}"
"crafting","[""Carrot"", ""Fishing Rod""]","[""Carrot on a Stick""]","{""has_alternatives"": true, ""category"": ""crafting""}"
"crafting","[""Fishing Rod"", ""Warped Fungus""]","[""Warped Fungus on a Stick""]","{""has_alternatives"": true, ""category"": ""crafting""}"
"crafting","[""Copper Ingot"", ""Stick"", ""Feather""]","[""Brush""]","{""category"": ""crafting""}"
"crafting","[""Stick"", ""Copper Ingot""]","[""Axe""]","{""category"": ""crafting""}"
"crafting","[""Stick"", ""Copper Ingot""]","[""Hoe""]","{""category"": ""crafting""}"
"crafting","[""Stick"", ""Copper Ingot""]","[""Pickaxe""]","{""category"": ""crafting""}"
"crafting","[""Stick"", ""Copper Ingot""]","[""Shovel""]","{""category"": ""crafting""}"
"crafting","[""Stick"", ""Copper Ingot""]","[""Sword""]","{""category"": ""crafting""}"
"trading","[""Coal""]","[""Emerald""]","{""villager_type"": ""Armorer""}"
"trading","[""Emerald""]","[""Iron Helmet""]","{""villager_type"": ""Armorer""}"
"trading","[""Emerald""]","[""Iron Chestplate""]","{""villager_type"": ""Armorer""}"
"trading","[""Emerald""]","[""Iron Leggings""]","{""villager_type"": ""Armorer""}"
"trading","[""Emerald""]","[""Iron Boots""]","{""villager_type"": ""Armorer""}"
"trading","[""Iron Ingot""]","[""Emerald""]","{""villager_type"": ""Armorer""}"
"trading","[""Emerald""]","[""Bell""]","{""villager_type"": ""Armorer""}"
"trading","[""Emerald""]","[""Chainmail Leggings""]","{""villager_type"": ""Armorer""}"
"trading","[""Emerald""]","[""Chainmail Boots""]","{""villager_type"": ""Armorer""}"
"trading","[""Lava Bucket""]","[""Emerald""]","{""villager_type"": ""Armorer""}"
"trading","[""Diamond""]","[""Emerald""]","{""villager_type"": ""Armorer""}"
"trading","[""Emerald""]","[""Chainmail Helmet""]","{""villager_type"": ""Armorer""}"
"trading","[""Emerald""]","[""Chainmail Chestplate""]","{""villager_type"": ""Armorer""}"
"trading","[""Emerald""]","[""Shield""]","{""villager_type"": ""Armorer""}"
"trading","[""Emerald""]","[""Enchanted Diamond Leggings""]","{""villager_type"": ""Armorer""}"
"trading","[""Emerald""]","[""Enchanted Diamond Boots""]","{""villager_type"": ""Armorer""}"
"trading","[""Emerald""]","[""Enchanted Diamond Helmet""]","{""villager_type"": ""Armorer""}"
"trading","[""Emerald""]","[""Enchanted Diamond Chestplate""]","{""villager_type"": ""Armorer""}"
"trading","[""Raw Chicken""]","[""Emerald""]","{""villager_type"": ""Butcher""}"
"trading","[""Raw Rabbit""]","[""Emerald""]","{""villager_type"": ""Butcher""}"
"trading","[""Raw Porkchop""]","[""Emerald""]","{""villager_type"": ""Butcher""}"
"trading","[""Emerald""]","[""Rabbit Stew""]","{""villager_type"": ""Butcher""}"
"trading","[""Coal""]","[""Emerald""]","{""villager_type"": ""Butcher""}"
"trading","[""Emerald""]","[""Cooked Chicken""]","{""villager_type"": ""Butcher""}"
"trading","[""Emerald""]","[""Cooked Porkchop""]","{""villager_type"": ""Butcher""}"
"trading","[""Raw Beef""]","[""Emerald""]","{""villager_type"": ""Butcher""}"
"trading","[""Raw Mutton""]","[""Emerald""]","{""villager_type"": ""Butcher""}"
"trading","[""Dried Kelp Block""]","[""Emerald""]","{""villager_type"": ""Butcher""}"
"trading","[""Sweet Berries""]","[""Emerald""]","{""villager_type"": ""Butcher""}"
"trading","[""Paper""]","[""Emerald""]","{""villager_type"": ""Cartographer""}"
"trading","[""Emerald""]","[""Empty Map""]","{""villager_type"": ""Cartographer""}"
"trading","[""Glass Pane""]","[""Emerald""]","{""villager_type"": ""Cartographer""}"
"trading","[""Emerald"", ""Compass""]","[""Explorer Map""]","{""villager_type"": ""Cartographer""}"
"trading","[""Compass""]","[""Emerald""]","{""villager_type"": ""Cartographer""}"
"trading","[""Emerald"", ""Compass""]","[""Ocean Explorer Map""]","{""villager_type"": ""Cartographer""}"
"trading","[""Emerald"", ""Compass""]","[""Trial Explorer Map""]","{""villager_type"": ""Cartographer""}"
"trading","[""Emerald""]","[""Item Frame""]","{""villager_type"": ""Cartographer""}"
"trading","[""Emerald""]","[""Banner""]","{""villager_type"": ""Cartographer""}"
"trading","[""Emerald""]","[""Globe Banner Pattern""]","{""villager_type"": ""Cartographer""}"
"trading","[""Emerald"", ""Compass""]","[""Woodland Explorer Map""]","{""villager_type"": ""Cartographer""}"
"trading","[""Rotten Flesh""]","[""Emerald""]","{""villager_type"": ""Cleric""}"
"trading","[""Emerald""]","[""Redstone Dust""]","{""villager_type"": ""Cleric""}"
"trading","[""Gold Ingot""]","[""Emerald""]","{""villager_type"": ""Cleric""}"
"trading","[""Emerald""]","[""Lapis Lazuli""]","{""villager_type"": ""Cleric""}"
"trading","[""Rabbit's Foot""]","[""Emerald""]","{""villager_type"": ""Cleric""}"
"trading","[""Emerald""]","[""Glowstone""]","{""villager_type"": ""Cleric""}"
"trading","[""Turtle Scute""]","[""Emerald""]","{""villager_type"": ""Cleric""}"
"trading","[""Glass Bottle""]","[""Emerald""]","{""villager_type"": ""Cleric""}"
"trading","[""Emerald""]","[""Ender Pearl""]","{""villager_type"": ""Cleric""}"
"trading","[""Nether Wart""]","[""Emerald""]","{""villager_type"": ""Cleric""}"
"trading","[""Emerald""]","[""Bottle o' Enchanting""]","{""villager_type"": ""Cleric""}"
"trading","[""Wheat""]","[""Emerald""]","{""villager_type"": ""Farmer""}"
"trading","[""Potato""]","[""Emerald""]","{""villager_type"": ""Farmer""}"
"trading","[""Carrot""]","[""Emerald""]","{""villager_type"": ""Farmer""}"
"trading","[""Beetroot""]","[""Emerald""]","{""villager_type"": ""Farmer""}"
"trading","[""Emerald""]","[""Bread""]","{""villager_type"": ""Farmer""}"
"trading","[""Pumpkin""]","[""Emerald""]","{""villager_type"": ""Farmer""}"
"trading","[""Emerald""]","[""Pumpkin Pie""]","{""villager_type"": ""Farmer""}"
"trading","[""Emerald""]","[""Apple""]","{""villager_type"": ""Farmer""}"
"trading","[""Melon""]","[""Emerald""]","{""villager_type"": ""Farmer""}"
"trading","[""Emerald""]","[""Cookie""]","{""villager_type"": ""Farmer""}"
"trading","[""Emerald""]","[""Suspicious Stew""]","{""villager_type"": ""Farmer""}"
"trading","[""Emerald""]","[""Cake""]","{""villager_type"": ""Farmer""}"
"trading","[""Emerald""]","[""Golden Carrot""]","{""villager_type"": ""Farmer""}"
"trading","[""Emerald""]","[""Glistering Melon Slice""]","{""villager_type"": ""Farmer""}"
"trading","[""String""]","[""Emerald""]","{""villager_type"": ""Fisherman""}"
"trading","[""Coal""]","[""Emerald""]","{""villager_type"": ""Fisherman""}"
"trading","[""Emerald""]","[""Bucket of Cod""]","{""villager_type"": ""Fisherman""}"
"trading","[""Emerald"", ""Raw Cod""]","[""Cooked Cod""]","{""villager_type"": ""Fisherman""}"
"trading","[""Raw Cod""]","[""Emerald""]","{""villager_type"": ""Fisherman""}"
"trading","[""Emerald""]","[""Campfire""]","{""villager_type"": ""Fisherman""}"
"trading","[""Raw Salmon"", ""Emerald""]","[""Cooked Salmon""]","{""villager_type"": ""Fisherman""}"
"trading","[""Raw Salmon""]","[""Emerald""]","{""villager_type"": ""Fisherman""}"
"trading","[""Emerald""]","[""Enchanted Fishing Rod""]","{""villager_type"": ""Fisherman""}"
"trading","[""Tropical Fish (item)""]","[""Emerald""]","{""villager_type"": ""Fisherman""}"
"trading","[""Pufferfish (item)""]","[""Emerald""]","{""villager_type"": ""Fisherman""}"
"trading","[""Boat""]","[""Emerald""]","{""villager_type"": ""Fisherman""}"
"trading","[""Stick""]","[""Emerald""]","{""villager_type"": ""Fletcher""}"
"trading","[""Emerald""]","[""Arrow""]","{""villager_type"": ""Fletcher""}"
"trading","[""Emerald"", ""Gravel""]","[""Flint""]","{""villager_type"": ""Fletcher""}"
"trading","[""Flint""]","[""Emerald""]","{""villager_type"": ""Fletcher""}"
"trading","[""Emerald""]","[""Bow""]","{""villager_type"": ""Fletcher""}"
"trading","[""String""]","[""Emerald""]","{""villager_type"": ""Fletcher""}"
"trading","[""Emerald""]","[""Crossbow""]","{""villager_type"": ""Fletcher""}"
"trading","[""Feather""]","[""Emerald""]","{""villager_type"": ""Fletcher""}"
"trading","[""Emerald""]","[""Enchanted Bow""]","{""villager_type"": ""Fletcher""}"
"trading","[""Tripwire Hook""]","[""Emerald""]","{""villager_type"": ""Fletcher""}"
"trading","[""Emerald""]","[""Enchanted Crossbow""]","{""villager_type"": ""Fletcher""}"
"trading","[""Arrow"", ""Emerald""]","[""Tipped Arrow""]","{""villager_type"": ""Fletcher""}"
"trading","[""Leather""]","[""Emerald""]","{""villager_type"": ""Leatherworker""}"
"trading","[""Emerald""]","[""Leather Pants""]","{""villager_type"": ""Leatherworker""}"
"trading","[""Emerald""]","[""Leather Tunic""]","{""villager_type"": ""Leatherworker""}"
"trading","[""Flint""]","[""Emerald""]","{""villager_type"": ""Leatherworker""}"
"trading","[""Emerald""]","[""Leather Cap""]","{""villager_type"": ""Leatherworker""}"
"trading","[""Emerald""]","[""Leather Boots""]","{""villager_type"": ""Leatherworker""}"
"trading","[""Rabbit Hide""]","[""Emerald""]","{""villager_type"": ""Leatherworker""}"
"trading","[""Turtle Scute""]","[""Emerald""]","{""villager_type"": ""Leatherworker""}"
"trading","[""Emerald""]","[""Leather Horse Armor""]","{""villager_type"": ""Leatherworker""}"
"trading","[""Emerald""]","[""Saddle""]","{""villager_type"": ""Leatherworker""}"
"trading","[""Paper""]","[""Emerald""]","{""villager_type"": ""Librarian""}"
"trading","[""Emerald""]","[""Bookshelf""]","{""villager_type"": ""Librarian""}"
"trading","[""Emerald"", ""Book""]","[""Enchanted Book""]","{""villager_type"": ""Librarian""}"
"trading","[""Book""]","[""Emerald""]","{""villager_type"": ""Librarian""}"
"trading","[""Emerald""]","[""Lantern""]","{""villager_type"": ""Librarian""}"
"trading","[""Ink Sac""]","[""Emerald""]","{""villager_type"": ""Librarian""}"
"trading","[""Emerald""]","[""Glass""]","{""villager_type"": ""Librarian""}"
"trading","[""Book and Quill""]","[""Emerald""]","{""villager_type"": ""Librarian""}"
"trading","[""Emerald""]","[""Compass""]","{""villager_type"": ""Librarian""}"
"trading","[""Emerald""]","[""Clock""]","{""villager_type"": ""Librarian""}"
"trading","[""Emerald""]","[""Name Tag""]","{""villager_type"": ""Librarian""}"
"trading","[""Clay Ball""]","[""Emerald""]","{""villager_type"": ""Mason""}"
"trading","[""Emerald""]","[""Brick""]","{""villager_type"": ""Mason""}"
"trading","[""Stone""]","[""Emerald""]","{""villager_type"": ""Mason""}"
"trading","[""Emerald""]","[""Chiseled Stone Bricks""]","{""villager_type"": ""Mason""}"
"trading","[""Granite""]","[""Emerald""]","{""villager_type"": ""Mason""}"
"trading","[""Andesite""]","[""Emerald""]","{""villager_type"": ""Mason""}"
"trading","[""Diorite""]","[""Emerald""]","{""villager_type"": ""Mason""}"
"trading","[""Emerald""]","[""Dripstone Block""]","{""villager_type"": ""Mason""}"
"trading","[""Emerald""]","[""Andesite Variants""]","{""villager_type"": ""Mason""}"
"trading","[""Emerald""]","[""Diorite Variants""]","{""villager_type"": ""Mason""}"
"trading","[""Emerald""]","[""Granite Variants""]","{""villager_type"": ""Mason""}"
"trading","[""Nether Quartz""]","[""Emerald""]","{""villager_type"": ""Mason""}"
"trading","[""Emerald""]","[""Stained Terracotta""]","{""villager_type"": ""Mason""}"
"trading","[""Emerald""]","[""Glazed Terracotta""]","{""villager_type"": ""Mason""}"
"trading","[""Emerald""]","[""Quarz Variants""]","{""villager_type"": ""Mason""}"
"trading","[""Emerald""]","[""Block of Quartz""]","{""villager_type"": ""Mason""}"
"trading","[""Wool""]","[""Emerald""]","{""villager_type"": ""Shepherd""}"
"trading","[""Emerald""]","[""Shears""]","{""villager_type"": ""Shepherd""}"
"trading","[""Dye""]","[""Emerald""]","{""villager_type"": ""Shepherd""}"
"trading","[""Emerald""]","[""Wool""]","{""villager_type"": ""Shepherd""}"
"trading","[""Emerald""]","[""Carpet""]","{""villager_type"": ""Shepherd""}"
"trading","[""Emerald""]","[""Bed""]","{""villager_type"": ""Shepherd""}"
"trading","[""Emerald""]","[""Banner""]","{""villager_type"": ""Shepherd""}"
"trading","[""Emerald""]","[""Painting""]","{""villager_type"": ""Shepherd""}"
"trading","[""Coal""]","[""Emerald""]","{""villager_type"": ""Toolsmith""}"
"trading","[""Emerald""]","[""Axe""]","{""villager_type"": ""Toolsmith""}"
"trading","[""Emerald""]","[""Shovel""]","{""villager_type"": ""Toolsmith""}"
"trading","[""Emerald""]","[""Pickaxe""]","{""villager_type"": ""Toolsmith""}"
"trading","[""Emerald""]","[""Hoe""]","{""villager_type"": ""Toolsmith""}"
"trading","[""Iron Ingot""]","[""Emerald""]","{""villager_type"": ""Toolsmith""}"
"trading","[""Emerald""]","[""Bell""]","{""villager_type"": ""Toolsmith""}"
"trading","[""Flint""]","[""Emerald""]","{""villager_type"": ""Toolsmith""}"
"trading","[""Emerald""]","[""Enchanted Iron Axe""]","{""villager_type"": ""Toolsmith""}"
"trading","[""Emerald""]","[""Enchanted Iron Shovel""]","{""villager_type"": ""Toolsmith""}"
"trading","[""Emerald""]","[""Enchanted Iron Pickaxe""]","{""villager_type"": ""Toolsmith""}"
"trading","[""Diamond""]","[""Emerald""]","{""villager_type"": ""Toolsmith""}"
"trading","[""Emerald""]","[""Enchanted Diamond Axe""]","{""villager_type"": ""Toolsmith""}"
"trading","[""Emerald""]","[""Enchanted Diamond Shovel""]","{""villager_type"": ""Toolsmith""}"
"trading","[""Emerald""]","[""Enchanted Diamond Pickaxe""]","{""villager_type"": ""Toolsmith""}"
"trading","[""Coal""]","[""Emerald""]","{""villager_type"": ""Weaponsmith""}"
"trading","[""Emerald""]","[""Axe""]","{""villager_type"": ""Weaponsmith""}"
"trading","[""Emerald""]","[""Enchanted Iron Sword""]","{""villager_type"": ""Weaponsmith""}"
"trading","[""Iron Ingot""]","[""Emerald""]","{""villager_type"": ""Weaponsmith""}"
"trading","[""Emerald""]","[""Bell""]","{""villager_type"": ""Weaponsmith""}"
"trading","[""Flint""]","[""Emerald""]","{""villager_type"": ""Weaponsmith""}"
"trading","[""Diamond""]","[""Emerald""]","{""villager_type"": ""Weaponsmith""}"
"trading","[""Emerald""]","[""Enchanted Diamond Axe""]","{""villager_type"": ""Weaponsmith""}"
"trading","[""Emerald""]","[""Enchanted Diamond Sword""]","{""villager_type"": ""Weaponsmith""}"
"trading","[""Hay Bale""]","[""Emerald""]","{""villager_type"": ""Wandering Trader""}"
"trading","[""Potion""]","[""Emerald""]","{""villager_type"": ""Wandering Trader""}"
"trading","[""Baked Potato""]","[""Emerald""]","{""villager_type"": ""Wandering Trader""}"
"trading","[""Milk Bucket""]","[""Emerald""]","{""villager_type"": ""Wandering Trader""}"
"trading","[""Water Bucket""]","[""Emerald""]","{""villager_type"": ""Wandering Trader""}"
"trading","[""Fermented Spider Eye""]","[""Emerald""]","{""villager_type"": ""Wandering Trader""}"
"trading","[""Emerald""]","[""Packed Ice""]","{""villager_type"": ""Wandering Trader""}"
"trading","[""Emerald""]","[""Gunpowder""]","{""villager_type"": ""Wandering Trader""}"
"trading","[""Emerald""]","[""Log""]","{""villager_type"": ""Wandering Trader""}"
"trading","[""Emerald""]","[""Podzol""]","{""villager_type"": ""Wandering Trader""}"
"trading","[""Emerald""]","[""Potion""]","{""villager_type"": ""Wandering Trader""}"
"trading","[""Emerald""]","[""Blue Ice""]","{""villager_type"": ""Wandering Trader""}"
"trading","[""Emerald""]","[""Enchanted Iron Pickaxe""]","{""villager_type"": ""Wandering Trader""}"
"trading","[""Emerald""]","[""Fern""]","{""villager_type"": ""Wandering Trader""}"
"trading","[""Emerald""]","[""Sugar Cane""]","{""villager_type"": ""Wandering Trader""}"
"trading","[""Emerald""]","[""Pumpkin""]","{""villager_type"": ""Wandering Trader""}"
"trading","[""Emerald""]","[""Dandelion""]","{""villager_type"": ""Wandering Trader""}"
"trading","[""Emerald""]","[""Poppy""]","{""villager_type"": ""Wandering Trader""}"
"trading","[""Emerald""]","[""Allium""]","{""villager_type"": ""Wandering Trader""}"
"trading","[""Emerald""]","[""Azure Bluet""]","{""villager_type"": ""Wandering Trader""}"
"trading","[""Emerald""]","[""Red Tulip""]","{""villager_type"": ""Wandering Trader""}"
"trading","[""Emerald""]","[""Orange Tulip""]","{""villager_type"": ""Wandering Trader""}"
"trading","[""Emerald""]","[""White Tulip""]","{""villager_type"": ""Wandering Trader""}"
"trading","[""Emerald""]","[""Pink Tulip""]","{""villager_type"": ""Wandering Trader""}"
"trading","[""Emerald""]","[""Oxeye Daisy""]","{""villager_type"": ""Wandering Trader""}"
"trading","[""Emerald""]","[""Cornflower""]","{""villager_type"": ""Wandering Trader""}"
"trading","[""Emerald""]","[""Blue Orchid""]","{""villager_type"": ""Wandering Trader""}"
"trading","[""Emerald""]","[""Lily of the Valley""]","{""villager_type"": ""Wandering Trader""}"
"trading","[""Emerald""]","[""Open Eyeblossom""]","{""villager_type"": ""Wandering Trader""}"
"trading","[""Emerald""]","[""Wheat Seeds""]","{""villager_type"": ""Wandering Trader""}"
"trading","[""Emerald""]","[""Beetroot Seeds""]","{""villager_type"": ""Wandering Trader""}"
"trading","[""Emerald""]","[""Pumpkin Seeds""]","{""villager_type"": ""Wandering Trader""}"
"trading","[""Emerald""]","[""Melon Seeds""]","{""villager_type"": ""Wandering Trader""}"
"trading","[""Emerald""]","[""Dye""]","{""villager_type"": ""Wandering Trader""}"
"trading","[""Emerald""]","[""Vines""]","{""villager_type"": ""Wandering Trader""}"
"trading","[""Emerald""]","[""Pale Hanging Moss""]","{""villager_type"": ""Wandering Trader""}"
"trading","[""Emerald""]","[""Brown Mushroom""]","{""villager_type"": ""Wandering Trader""}"
"trading","[""Emerald""]","[""Red Mushroom""]","{""villager_type"": ""Wandering Trader""}"
"trading","[""Emerald""]","[""Lily Pad""]","{""villager_type"": ""Wandering Trader""}"
"trading","[""Emerald""]","[""Small Dripleaf""]","{""villager_type"": ""Wandering Trader""}"
"trading","[""Emerald""]","[""Sand""]","{""villager_type"": ""Wandering Trader""}"
"trading","[""Emerald""]","[""Red Sand""]","{""villager_type"": ""Wandering Trader""}"
"trading","[""Emerald""]","[""Pointed Dripstone""]","{""villager_type"": ""Wandering Trader""}"
"trading","[""Emerald""]","[""Rooted Dirt""]","{""villager_type"": ""Wandering Trader""}"
"trading","[""Emerald""]","[""Moss Block""]","{""villager_type"": ""Wandering Trader""}"
"trading","[""Emerald""]","[""Pale Moss Block""]","{""villager_type"": ""Wandering Trader""}"
"trading","[""Emerald""]","[""Wildflowers""]","{""villager_type"": ""Wandering Trader""}"
"trading","[""Emerald""]","[""Tall Dry Grass""]","{""villager_type"": ""Wandering Trader""}"
"trading","[""Emerald""]","[""Sea Pickle""]","{""villager_type"": ""Wandering Trader""}"
"trading","[""Emerald""]","[""Glowstone""]","{""villager_type"": ""Wandering Trader""}"
"trading","[""Emerald""]","[""Bucket of Tropical Fish""]","{""villager_type"": ""Wandering Trader""}"
"trading","[""Emerald""]","[""Bucket of Pufferfish""]","{""villager_type"": ""Wandering Trader""}"
"trading","[""Emerald""]","[""Kelp""]","{""villager_type"": ""Wandering Trader""}"
"trading","[""Emerald""]","[""Cactus""]","{""villager_type"": ""Wandering Trader""}"
"trading","[""Emerald""]","[""Brain Coral Block""]","{""villager_type"": ""Wandering Trader""}"
"trading","[""Emerald""]","[""Bubble Coral Block""]","{""villager_type"": ""Wandering Trader""}"
"trading","[""Emerald""]","[""Fire Coral Block""]","{""villager_type"": ""Wandering Trader""}"
"trading","[""Emerald""]","[""Horn Coral Block""]","{""villager_type"": ""Wandering Trader""}"
"trading","[""Emerald""]","[""Tube Coral Block""]","{""villager_type"": ""Wandering Trader""}"
"trading","[""Emerald""]","[""Firefly Bush""]","{""villager_type"": ""Wandering Trader""}"
"trading","[""Emerald""]","[""Slimeball""]","{""villager_type"": ""Wandering Trader""}"
"trading","[""Emerald""]","[""Saplings""]","{""villager_type"": ""Wandering Trader""}"
"trading","[""Emerald""]","[""Mangrove Propagule""]","{""villager_type"": ""Wandering Trader""}"
"trading","[""Emerald""]","[""Nautilus Shell""]","{""villager_type"": ""Wandering Trader""}"
"mob_drop","[""Armadillo""]","[""Armadillo Scute""]","{""probability"": 1.0}"
"mob_drop","[""Cat""]","[""Rabbit's foot""]","{""probability"": 0.1613}"
"mob_drop","[""Cat""]","[""Rabbit hide""]","{""probability"": 1.0}"
"mob_drop","[""Cat""]","[""String""]","{""probability"": 1.0}"
"mob_drop","[""Cat""]","[""Rotten flesh""]","{""probability"": 1.0}"
"mob_drop","[""Cat""]","[""Feather""]","{""probability"": 1.0}"
"mob_drop","[""Cat""]","[""Raw chicken""]","{""probability"": 1.0}"
"mob_drop","[""Cat""]","[""Phantom membrane""]","{""probability"": 0.0322}"
"mob_drop","[""Fox""]","[""Emerald""]","{""probability"": 1.0}"
"mob_drop","[""Fox""]","[""Rabbit's Foot""]","{""probability"": 1.0}"
"mob_drop","[""Fox""]","[""Rabbit Hide""]","{""probability"": 1.0}"
"mob_drop","[""Fox""]","[""Egg""]","{""probability"": 0.04}"
"mob_drop","[""Fox""]","[""Wheat""]","{""probability"": 1.0}"
"mob_drop","[""Fox""]","[""Leather""]","{""probability"": 1.0}"
"mob_drop","[""Fox""]","[""Feather""]","{""probability"": 0.03}"
"mob_drop","[""Evoker""]","[""Totem Of Undying""]","{}"
"mob_drop","[""Evoker""]","[""Emerald""]","{}"
"mob_drop","[""Vindicator""]","[""Emerald""]","{}"
"mob_drop","[""Vindicator""]","[""Ominous Bottle""]","{}"
"mob_drop","[""Witch""]","[""Redstone Dust""]","{}"
"mob_drop","[""Witch""]","[""Glass Bottle""]","{}"
"mob_drop","[""Witch""]","[""Glowstone Dust""]","{}"
"mob_drop","[""Witch""]","[""Gunpowder""]","{}"
"mob_drop","[""Witch""]","[""Spider Eye""]","{}"
"mob_drop","[""Witch""]","[""Sugar""]","{}"
"mob_drop","[""Witch""]","[""Stick""]","{}"
"world_interaction","[""Log""]","[""Stripped Log""]","{}"
"world_interaction","[""Wood""]","[""Stripped Wood""]","{}"
"world_interaction","[""Block of Bamboo""]","[""Block of Stripped Bamboo""]","{}"
